{"type":"FeatureCollection","name":"india-mpas","features":[{"type":"Feature","properties":{"wdpaid":4553,"name":"Gulf of Kutch","designation":"Marine National Park","designation_type":"National","iucn_category":"II","marine":true,"area_km2":703.940103,"status":"Designated","status_year":1982,"governance":"Sub-national ministry or agency","managing_authority":"Chief Wildlife Warden, State Forest Department","iso3":"IND"},"geometry":{"type":"MultiPolygon","coordinates":[[[[69.9177196440275,22.5064606418135],[69.9152294898054,22.5060096787287],[69.9119896663259,22.505559772298],[69.9060194207268,22.5030606408722],[69.9037896000707,22.5019096461341],[69.9007895162793,22.4998496839508],[69.8987994344129,22.4982498385969],[69.896559579575,22.4966496410987],[69.8940696014227,22.494359798147],[69.8878404308161,22.4916196949534],[69.8853495723148,22.4909397302526],[69.8818705373566,22.490949587207],[69.8779005829771,22.4907397707086],[69.8744196121494,22.4902896876244],[69.8706893956613,22.4893796649793],[69.8677095554048,22.4891598163794],[69.8624805304079,22.4864197131459],[69.8599894949386,22.4855105697793],[69.8557694172446,22.4834497276421],[69.8535197060914,22.4818507626079],[69.8502895628574,22.47978956883],[69.8475396032788,22.4774997250061],[69.8450596584099,22.4768197598418],[69.8423197312163,22.4759007601562],[69.8385896916963,22.4749997132629],[69.833619591707,22.473629573953],[69.8301396772982,22.4718107596605],[69.8276495230761,22.471120761271],[69.8251595440254,22.4699796241607],[69.8216896629,22.4695297168123],[69.8184494872809,22.468620749774],[69.814969572872,22.4674896457755],[69.8119795205674,22.4663497397331],[69.8087495551998,22.465439716644],[69.8055305016679,22.4652196922302],[69.8025395708109,22.4659195472016],[69.7993196369301,22.4663805436181],[69.7963396188072,22.4663997297357],[69.7928605847473,22.4659496472242],[69.7891294888085,22.4659596802869],[69.7856504547487,22.4652797149223],[69.7821795172044,22.4657505680653],[69.7794404703598,22.464839665237],[69.7752195123169,22.464160756138],[69.7717395970097,22.4650896128129],[69.7687696121702,22.4657896452612],[69.7660395421902,22.4660297357161],[69.7633094731085,22.4665005888008],[69.7608194940579,22.4658197436517],[69.757839475935,22.4685897704008],[69.7548795243789,22.4715896786792],[69.7523995804083,22.4738995889084],[69.749919457673,22.4757397013731],[69.74793940909,22.477819729088],[69.7449595670369,22.4796705793762],[69.7414895089433,22.4805996126071],[69.738269399891,22.4810697620852],[69.7352795245545,22.4817697926262],[69.7310594459622,22.4817796510637],[69.727579530655,22.4829397984076],[69.7231095039198,22.4813396006744],[69.7203794348381,22.4806596361051],[69.7178905122063,22.4795207863739],[69.7134095718386,22.4767695943035],[69.7079397516332,22.4737897519719],[69.7049495232587,22.4710396156733],[69.7017095246078,22.4692097126691],[69.6989695983125,22.4678297155964],[69.6959895792912,22.4655407532281],[69.691759642587,22.4616396216895],[69.689769561619,22.4593496023641],[69.6872695510816,22.4561307251992],[69.6852706684204,22.4526807344015],[69.6837796033893,22.450619540012],[69.6815297161663,22.446019609958],[69.680279620617,22.4437195569968],[69.6780395924043,22.4405107130681],[69.6745496438137,22.4359097270546],[69.6730596352014,22.4336195319171],[69.6715495600222,22.4310895968335],[69.6700595514099,22.4290196019826],[69.6692996727993,22.4251096698523],[69.6682995271895,22.4221196193171],[69.6670596409933,22.4198306548694],[69.6648204922313,22.4175297219198],[69.6618295613743,22.415469584872],[69.6586006506289,22.4143196463452],[69.6558697011982,22.4124906226861],[69.6523904901702,22.4111196033765],[69.6501504601609,22.4099694893221],[69.6431805980597,22.4026195986101],[69.6414304301546,22.4003295786775],[69.638699480724,22.3984894666784],[69.6307395062965,22.3936797205931],[69.6275095400306,22.392079523026],[69.6255194581642,22.3904694686982],[69.622790444603,22.3893306202758],[69.6198095470294,22.3900206183868],[69.6168404416406,22.3930194702605],[69.615099603638,22.3953295557183],[69.6121396529802,22.3990196393783],[69.6103995192568,22.4008595749317],[69.6081705780513,22.4020197231693],[69.6054394516526,22.4010996672822],[69.6034506031731,22.3978797330995],[69.6036796052986,22.3953505016531],[69.6036796052986,22.3925894532333],[69.6041696443709,22.3898294596663],[69.6031694987611,22.387069466978],[69.6004295715676,22.3847695897477],[69.5991905684153,22.3826995950502],[69.5964596189847,22.3822495119165],[69.5942194120072,22.3808695157508],[69.5885094999741,22.379049469169],[69.5855303622002,22.379049469169],[69.5825494637282,22.3788296201526],[69.5795706780939,22.3790596787978],[69.576839727765,22.3806804700862],[69.5716297120178,22.3832195579884],[69.5698996133744,22.3859895853382],[69.5684196371472,22.3901295739309],[69.5681797222876,22.3926595091561],[69.5672006987652,22.397730644109],[69.5662097060898,22.4002596993699],[69.5637396184345,22.4037197243847],[69.5632395469771,22.406479717101],[69.5582895108597,22.4124694999551],[69.5550695787755,22.4152395266762],[69.5535795701632,22.4177696376506],[69.5513497486087,22.4191596668889],[69.5486196786288,22.4200795483816],[69.5468795458037,22.4219296930516],[69.5446497251476,22.4235397482878],[69.5396996908268,22.4276996283312],[69.5369705020941,22.43068967909],[69.5344796426945,22.4318396182283],[69.5322595031822,22.4334597052112],[69.5260495187934,22.4382997260942],[69.5233196248832,22.4396895796566],[69.5203494639739,22.4422195148685],[69.5186195396037,22.4449897168173],[69.5158894696237,22.4482207400894],[69.5126595042561,22.4498297381104],[69.5039706287222,22.4516895650911],[69.5004995169048,22.4507696847301],[69.4975196748517,22.4505507163295],[69.4947896048717,22.4510106563387],[69.4920605913105,22.4510196327715],[69.4890694825871,22.4514795728858],[69.4870894349024,22.453089628148],[69.4838596447064,22.4540197179931],[69.4821195118813,22.4521796051661],[69.480629503269,22.4482696730863],[69.4803806097481,22.4457397377992],[69.4811195423413,22.442519628875],[69.4818595295566,22.4397496026081],[69.4830904379898,22.437679608232],[69.4858194506527,22.4326195618141],[69.4885394882475,22.4263995454127],[69.4887795791769,22.4229495525959],[69.4862896001263,22.4158196877198],[69.4835595310447,22.4135196350396],[69.4808194277813,22.4132895769362],[69.4783394829124,22.4112304956417],[69.4768396170865,22.4086995048455],[69.4758495038618,22.4064005077765],[69.4755895233337,22.4038695170384],[69.4758394705784,22.4013297248046],[69.474349461966,22.3992695867512],[69.4716195689542,22.3981194726317],[69.4688894989742,22.397889590025],[69.4656505558437,22.3974396831204],[69.4624293903726,22.3960596873329],[69.4604405418931,22.394220630119],[69.4591895668931,22.3909996412469],[69.4589396178518,22.388010645806],[69.4576995582808,22.3850197147381],[69.4569495368838,22.3827196624119],[69.4547095059761,22.3801895513822],[69.4517303682022,22.3783594706344],[69.4489994187716,22.3778995309029],[69.4457705080261,22.3776694728318],[69.443039383424,22.3779106202911],[69.439319729327,22.3767596259668],[69.4368396056934,22.3760794836873],[69.4306296231012,22.3760794836873],[69.426899759651,22.3756297529465],[69.4241695136013,22.3758596357937],[69.4191995896818,22.3761006069629],[69.4164797299533,22.3763296093474],[69.4130006949951,22.376790605068],[69.4105196937074,22.3800195151232],[69.4097797055938,22.3825494498271],[69.4102796027781,22.3857704400241],[69.4105297269909,22.388299671283],[69.4112795723181,22.3908306622507],[69.4110296241751,22.3945195123132],[69.4105496183862,22.3977405018756],[69.4105496165896,22.4014194946578],[69.4085595347232,22.403489665835],[69.4048395275883,22.4034995231932],[69.4008597177918,22.4032696411786],[69.3946497343013,22.4007495630569],[69.3906804824044,22.3984496861615],[69.3847206231266,22.3945406352807],[69.3765196774207,22.3876404760288],[69.3742796474114,22.3860395743831],[69.3720494737174,22.3835096391861],[69.3712994532187,22.3809795284009],[69.3700595679208,22.3779896531305],[69.3685695593085,22.3752298359151],[69.3670695174128,22.3720097273256],[69.3645904519946,22.3704007283429],[69.3621096258784,22.3692507900622],[69.3596295049397,22.3669507371364],[69.3583795881551,22.3644208021801],[69.3563895053904,22.3595897578376],[69.3536594363087,22.3496907470326],[69.3536506346156,22.3469307536541],[69.353160594645,22.3439396471324],[69.3526594658705,22.3395695989993],[69.3504196119309,22.3292196247668],[69.3481795819216,22.3264596316687],[69.3516494639454,22.3246096618335],[69.3543895672087,22.3239196637449],[69.3566204442836,22.3225396673037],[69.3605895183141,22.322530690055],[69.3638194836817,22.3209197552696],[69.3670404739813,22.3204606946018],[69.3695195393996,22.3200007548764],[69.3725004369732,22.3199896658653],[69.3759696147178,22.3192996682013],[69.3794495291266,22.3190696097737],[69.3826696390773,22.3192896336928],[69.3881296020691,22.3179096380041],[69.3918496083056,22.3178997812347],[69.3950695412881,22.3172097832112],[69.3987995799098,22.317440720606],[69.4012795256769,22.3169696908188],[69.4049997079833,22.3176596900292],[69.4084796232905,22.3178895721107],[69.4109597442292,22.3183396554069],[69.4139395862823,22.319029652831],[69.4174105229282,22.3204096499107],[69.4206396097435,22.3213295301366],[69.423609594583,22.3213207289827],[69.4278305526259,22.3217796131424],[69.4310596403395,22.3224595783917],[69.4352795419637,22.3242996913317],[69.4385096851977,22.3261396279371],[69.4409906873837,22.3284307028566],[69.4439795054031,22.3291207019026],[69.4479394256009,22.3272696762925],[69.4496795602226,22.3251996813385],[69.4506694955809,22.3226697463507],[69.45115936038,22.3194506926604],[69.4519004040141,22.3169096689027],[69.4533794998923,22.3146096157177],[69.4553695808604,22.3129997371924],[69.4598396066973,22.3185105697046],[69.461589599431,22.3217297988147],[69.4625804151382,22.3247207310497],[69.4643194933411,22.3272497845862],[69.4663095752075,22.3290897221724],[69.4690405237398,22.3295507179954],[69.4722694335869,22.330229626628],[69.4750005599857,22.3311496839177],[69.4777295744452,22.3322996217317],[69.4811994546723,22.3334405843205],[69.48243951604,22.3355105791321],[69.4841794727953,22.3378097510182],[69.4864295369863,22.3417207389774],[69.4881694937416,22.3470097866282],[69.4896595032522,22.3495397220837],[69.4911595451479,22.352759654855],[69.4919095656466,22.3552897659008],[69.4921595146879,22.3580497590372],[69.4934096084407,22.3605796942536],[69.4956396051666,22.3644896261665],[69.4976295109632,22.3667896790411],[69.4993694677184,22.368620814075],[69.5018596228389,22.3693108127064],[69.5043406241265,22.3697596641996],[69.5073195858307,22.3695297812467],[69.5097995315979,22.3704496621709],[69.5122895088518,22.3731996216256],[69.5140296425753,22.3757306131673],[69.5147895220842,22.3796396643913],[69.5147895220842,22.3876994433457],[69.5138096182127,22.3922997240336],[69.5130694540293,22.3952906563541],[69.5108396342715,22.398060506411],[69.5105995424438,22.4008204993815],[69.5091206226354,22.4044994920367],[69.5083795790013,22.4077296348626],[69.508379578103,22.4104896276628],[69.5086297032141,22.4130195627268],[69.509380427992,22.4153196162131],[69.509130479849,22.4178495513389],[69.5086395604277,22.4206095440395],[69.5078995723141,22.4229196300798],[69.5093996142098,22.4252107059257],[69.5113794867229,22.4270497623568],[69.5143695390276,22.4272807002787],[69.5175894711118,22.4263495551068],[69.5198295011211,22.4251996161586],[69.5245406761028,22.4217395921415],[69.5280096768793,22.4194295064004],[69.5299895502908,22.4173595112623],[69.5327196202707,22.4159696566692],[69.5349506734154,22.4141297210392],[69.5401495976638,22.4076696121856],[69.5433695324429,22.403299563775],[69.5448595419535,22.4002994801995],[69.5458496533816,22.3980004828806],[69.5450996319846,22.3940894949414],[69.5460797110276,22.3915595599832],[69.5480706732429,22.3890204723078],[69.5520295379202,22.3857896256564],[69.5537596383602,22.3832605713694],[69.5530096160649,22.3805005779312],[69.5517695555955,22.3768196478652],[69.5527496346385,22.3745097376427],[69.5544895940887,22.3724397440003],[69.5567195899163,22.3701296580831],[69.5591896775716,22.3659896675958],[69.5621596633094,22.3636806377075],[69.5678695753425,22.3620598461978],[69.5703597286663,22.3636596919895],[69.5760696406994,22.3675696229926],[69.57854958467,22.3682506442217],[69.5817895860159,22.3686996710921],[69.584009374287,22.3670897931545],[69.585749507112,22.3645496492016],[69.586729586155,22.362019713822],[69.586979534298,22.3585697218345],[69.5864694286588,22.3560397866672],[69.5849795961163,22.3530497363801],[69.5832394623929,22.3512097992504],[69.5812493796283,22.3470698097172],[69.5799894295602,22.3431607581992],[69.5799894295602,22.3404007651374],[69.5804694362475,22.3378695977622],[69.5822095699708,22.3344097497196],[69.5844295334133,22.3330297531779],[69.5874093745682,22.3318696058038],[69.5903895687609,22.3323205688396],[69.5931205190898,22.3330105669247],[69.5953594926804,22.3346195648136],[69.6000903820893,22.3412796332085],[69.6013293861399,22.3438097441248],[69.6023305881684,22.34610962081],[69.605319583156,22.3493205767196],[69.6088005539837,22.3518498080609],[69.6115295666465,22.3511497771136],[69.613759388201,22.3495296889199],[69.615489488641,22.3474596937101],[69.6184703871129,22.3458396058239],[69.6209494516328,22.346990600637],[69.6216994730298,22.3492897742912],[69.6212194672409,22.3550398176222],[69.620229530086,22.357579609961],[69.6199896152264,22.3605696610541],[69.6202495957545,22.363560591693],[69.6217396061634,22.3660898228602],[69.6247194473183,22.3656196743407],[69.6269496210123,22.3642296440148],[69.6294306223,22.3628496478034],[69.6318996544348,22.3607696204153],[69.633890439682,22.3589198258622],[69.6361095236738,22.3559297750788],[69.639079507615,22.3543096867983],[69.6433004665563,22.3533795965901],[69.6445495047886,22.3556796501576],[69.6450506335631,22.3579805829388],[69.6470394829409,22.3604997808838],[69.6487896499477,22.3625697759235],[69.6512796281,22.3648696528224],[69.6512896622817,22.3715397533076],[69.6505494980983,22.3742997466975],[69.6508094786264,22.3779896531305],[69.6520595732774,22.3811995526094],[69.6535596151732,22.3841904852383],[69.6552995719285,22.3869504777387],[69.6572996870782,22.3885496188218],[69.6597796328454,22.3910795537177],[69.6652494530509,22.3940595720237],[69.6672395349172,22.3956606496233],[69.6717095616525,22.3977195546398],[69.6791706962128,22.3990895193092],[69.6831406505923,22.3992995102086],[69.6873596727658,22.3988297130933],[69.690089566676,22.3992896533831],[69.6940596971253,22.3992695867512],[69.6943297118351,22.4036496682214],[69.694079586724,22.4061796032493],[69.6938495290781,22.410089534324],[69.6926196779619,22.4137796172538],[69.693369699359,22.4174596660761],[69.6941197198576,22.4202196598816],[69.6958695338266,22.4220495632977],[69.6985996038065,22.4231907012348],[69.7000996457022,22.4257195787207],[69.701599687598,22.4284795719301],[69.7028496061792,22.4321596222703],[69.7031095876056,22.4353795548274],[69.7036096599613,22.4381395477473],[69.706859692794,22.4434206752225],[69.7076005612566,22.4457207281583],[69.7103396081013,22.4471007253388],[69.7145605670425,22.4468495439491],[69.7170496648458,22.4473105406898],[69.7200205300343,22.4468407432602],[69.7227594008091,22.4452195986785],[69.7262294580044,22.4435995120124],[69.7287095798414,22.4419797759],[69.7326695009375,22.4387496326741],[69.7349003780124,22.4371295460064],[69.7376295667451,22.4357396917096],[69.7485394612419,22.4318005405982],[69.75152951175,22.4338596232762],[69.7532694703019,22.4366095830108],[69.7552606067904,22.4386795784053],[69.7579994775652,22.4402806548537],[69.7619595756294,22.4352096956916],[69.7641805945924,22.4322096121446],[69.7659096386136,22.4289805252193],[69.7678905684438,22.42644953404],[69.770869530148,22.4241406800687],[69.7728406018663,22.4213695977231],[69.7750695430718,22.4190595116401],[69.7775394546572,22.4167506576944],[69.7800095432108,22.4142196669833],[69.7834894576197,22.4109794910015],[69.7861994610329,22.4082094648799],[69.7899196433392,22.4059006108212],[69.7924006437286,22.4047395839132],[69.795379606331,22.4047295497453],[69.7976194602706,22.4058696323904],[69.8010896944339,22.4070095370927],[69.8030896326156,22.4097695300782],[69.8043406067173,22.412069583393],[69.8063394902768,22.4145896613494],[69.8085895526713,22.4182595010607],[69.8105796354359,22.4207896118278],[69.8118295522205,22.4230894893082],[69.8133197369027,22.4251506833291],[69.8148296378086,22.4281396779614],[69.817079700203,22.43226963418],[69.818330498235,22.4357196261916],[69.8200806643434,22.4384697616232],[69.8203404697001,22.4416995518521],[69.8228505153175,22.4478996788256],[69.8245895917238,22.4504296137304],[69.8268407114353,22.4522605741775],[69.8290796850258,22.4538597147103],[69.831809578936,22.4543096222906],[69.8350397212717,22.454069530627],[69.8392596237942,22.4542897321424],[69.8419997270576,22.4545095813],[69.8454696081831,22.4542705460088],[69.8489496986617,22.4549395983768],[69.8529307427434,22.455849796679],[69.8569005210531,22.4556097060223],[69.8598794827573,22.4558207537979],[69.8626093766675,22.4549005222726],[69.8660796099325,22.4534995792112],[69.8688105602614,22.453029781164],[69.8722795619363,22.4527896897747],[69.8755193854158,22.4532395966762],[69.8780095396378,22.4546097367004],[69.8812504186379,22.4585096348762],[69.8840005551846,22.4612595948404],[69.8864796197046,22.4626297336268],[69.8882296106415,22.4644596380318],[69.890719412724,22.4653796940213],[69.8936996069168,22.4669797158823],[69.8979304230716,22.4683396456816],[69.9006694699162,22.4694797271089],[69.9036595213226,22.4715396888891],[69.9049096150753,22.4736096840875],[69.9073994171578,22.4761297623338],[69.908409596051,22.4797996017203],[69.9094394893715,22.4873997924026],[69.9104396340829,22.4899196943525],[69.9124395731629,22.4924496288725],[69.9156804530612,22.4942696751102],[69.9171794394364,22.4963396699114],[69.9186794813321,22.500009686391],[69.9189496721117,22.5052997912244],[69.919699517439,22.5066797873859],[69.9177196440275,22.5064606418135]]],[[[69.2300495904323,22.4468595767338],[69.2273094871689,22.4470896348303],[69.2243296451158,22.4468595767338],[69.2218495241771,22.4457096391999],[69.2163795270036,22.4427195882796],[69.2141505866964,22.4411005559405],[69.2116695854087,22.4385695649347],[69.2099294516854,22.4360396295901],[69.2072004381242,22.4341996933832],[69.2042195414489,22.4328196974024],[69.2014894696723,22.4321296992483],[69.1985094524477,22.4318996395933],[69.1942895499251,22.4312096418471],[69.191310588221,22.4312096418471],[69.1883295136793,22.4314397001548],[69.1853494955564,22.4312096418471],[69.1823694783317,22.4314397001548],[69.1784004043012,22.4318996395933],[69.1744195362893,22.4318896073875],[69.1709405013311,22.4321296992483],[69.1674693868187,22.4318896073875],[69.1647396698767,22.431199608761],[69.1610205439891,22.42912961389],[69.1592797059866,22.427289501378],[69.15581070521,22.4254495645966],[69.152079611068,22.4247595663433],[69.1433895039438,22.4247497088328],[69.13991962192,22.4254397079655],[69.136929571412,22.4249797670516],[69.1337096384295,22.4242897689548],[69.1312295156942,22.4231405353903],[69.1282396412559,22.4226696812394],[69.1220395140807,22.4194506280731],[69.1168296753016,22.4162306947658],[69.114349554363,22.4155296066705],[69.1121097004234,22.4143796686406],[69.1071496328192,22.4120796162005],[69.1046695118806,22.4113896179567],[69.1019396179704,22.4100096211543],[69.0992095479904,22.4097695300782],[69.0967304825722,22.4102294698753],[69.0937395517152,22.410919468898],[69.0905196187327,22.4118395253797],[69.0875295673263,22.4113795850994],[69.0857994668864,22.409299732643],[69.0828196248332,22.4081506740197],[69.080090611272,22.4090696750261],[69.0778504051929,22.4106797290221],[69.0751194557623,22.4122906637489],[69.0723904422011,22.4141297210392],[69.0698995828015,22.416889713751],[69.0674094285794,22.4182595010607],[69.0646795346692,22.4194096162342],[69.0614495693016,22.4203294960713],[69.0584695511787,22.4221696086549],[69.0569795416681,22.4242396043378],[69.0547395125571,22.4263095982231],[69.0522504129571,22.4279205326792],[69.0495194644248,22.4279106762235],[69.0467893944448,22.4274496797924],[69.0433195124211,22.4260696831303],[69.0440705902368,22.4230695988359],[69.0420903637875,22.418469668936],[69.0418495703756,22.415939558257],[69.0425893833177,22.4129496831566],[69.0438405307943,22.4097306297722],[69.0458295571401,22.4071996390609],[69.0468194933967,22.404900466026],[69.050060373295,22.4014504740805],[69.0512993782439,22.3989194828999],[69.0523005793742,22.3966204868457],[69.0580094349885,22.3920195010664],[69.0632305377429,22.3892695406093],[69.067449561713,22.3890396591529],[69.0706805843977,22.3885795420945],[69.0771296041955,22.3881294588807],[69.0808596428171,22.3892804538351],[69.083589535829,22.389739513719],[69.0890396434038,22.3918195417476],[69.0920296939118,22.3927395975862],[69.0947495536403,22.3941195947638],[69.0974796236203,22.3959695651843],[69.0994594961334,22.3982696176575],[69.1014495779998,22.3998794961212],[69.1039406125708,22.4007995526098],[69.1064096447056,22.401949490909],[69.1126196290945,22.4028806368734],[69.1178395020553,22.4015006402831],[69.1213095592505,22.4003496459869],[69.1240396292305,22.4001206441111],[69.1277606909875,22.4005797039201],[69.1312397259457,22.4003595027373],[69.1371995861218,22.4015104969519],[69.1401695709613,22.4017394990296],[69.1431596223676,22.4024294970211],[69.1493597486446,22.4035896446128],[69.1520896425547,22.4047395839132],[69.1548197107381,22.4049696420549],[69.1587997001976,22.4056596397899],[69.1615295941078,22.4068095777417],[69.1647595603737,22.4072695190316],[69.1677293691434,22.4079595169741],[69.1709595105808,22.4093395133764],[69.1734394572463,22.4109596012862],[69.1754295382144,22.4125696558035],[69.1779094839816,22.4148695332107],[69.1808895021045,22.4164795872556],[69.1833696230432,22.4176295261701],[69.1856094769828,22.4187796399172],[69.1883395469627,22.4187796399172],[69.191310588221,22.4180896417372],[69.1940494580975,22.4176295261701],[69.1962794548234,22.4153296487859],[69.1975304289252,22.4130295962962],[69.198519485731,22.4107295430958],[69.1992594729463,22.4084296660828],[69.2000094943434,22.4052106126216],[69.2002596185561,22.4024395313551],[69.2009996066698,22.3989895389556],[69.2002596185561,22.3966896620119],[69.199519455271,22.3936996111201],[69.1992695071281,22.3911696757133],[69.1975304289252,22.3877196852443],[69.1957996251043,22.3856496895908],[69.1940594922792,22.3833496368818],[69.1856203897168,22.3755197410512],[69.177189386365,22.3669996696848],[69.1744594915565,22.363089739293],[69.1727195348012,22.3594107456352],[69.1727293920148,22.3557298162472],[69.1729694829442,22.3532007608481],[69.1744695248399,22.3504407680283],[69.1762103628425,22.3474398040529],[69.1744695248399,22.3449096933866],[69.1722294948306,22.3423797578082],[69.1692595099911,22.3396197650718],[69.1670307457537,22.3377807083959],[69.1665296160809,22.3350096257131],[69.1655405610716,22.3327097487299],[69.1645497435677,22.3276507592215],[69.1625696949848,22.323509712835],[69.1610805667215,22.3212107157591],[69.1605796140168,22.3175197536713],[69.1608395954431,22.313610701678],[69.1608395954431,22.3110797105956],[69.1630796236558,22.3060207206947],[69.1638196126677,22.3030195806736],[69.1648195831061,22.3004995031545],[69.1665597159311,22.2972697127173],[69.1682894633332,22.293590719146],[69.1707794432821,22.2906006677678],[69.175239436734,22.2848495681241],[69.177469610428,22.2827795727746],[69.1799594116122,22.280019580348],[69.186899526901,22.2749496767754],[69.1903794413099,22.2726506802061],[69.1948496450132,22.2701195133509],[69.1993096393634,22.2673595196698],[69.202790610191,22.2662095809162],[69.208239484379,22.2650594672767],[69.2117204552067,22.2639095279122],[69.2161896015929,22.2620695923066],[69.2206495959431,22.2613795929679],[69.2228794165992,22.2602294787108],[69.2258596107919,22.2599995973881],[69.2293294919174,22.2595306802203],[69.2355296199909,22.2590795412315],[69.2414894792687,22.2595306802203],[69.2481796473129,22.2611396781754],[69.251159489366,22.261600674591],[69.253879701234,22.2625196749853],[69.2576095646842,22.2634406113729],[69.2605795486254,22.2650506659037],[69.2638096918595,22.2655106061118],[69.2675295220262,22.2671206609359],[69.2715005319262,22.2684996011887],[69.2739795973444,22.2691895986752],[69.2767096673244,22.270109655704],[69.2789396640503,22.2712595939944],[69.2814296422026,22.2733295886126],[69.2858896356544,22.277939727889],[69.2878695090659,22.2804596303283],[69.2908497032586,22.2820695081127],[69.2935806526892,22.2836795627004],[69.2968095634347,22.2850595599407],[69.299290563824,22.2857495580245],[69.3025096182542,22.2864395560276],[69.3087194265732,22.2864395560276],[69.3119395347272,22.286899495728],[69.3174005550361,22.2898895473217],[69.3203703638059,22.2919496851802],[69.3248395110905,22.2960896753453],[69.3265805242645,22.2979296122099],[69.327820408664,22.3004597229144],[69.3298094341116,22.3029896581427],[69.331049494581,22.3055306817576],[69.3327896283044,22.3094397330914],[69.3330395773456,22.3119696677086],[69.3330395773456,22.3156497179458],[69.332549537375,22.3193295913921],[69.332299589232,22.3225597333595],[69.3330496097307,22.3253197271548],[69.3340404263363,22.3276197791648],[69.3355304349486,22.3303797734081],[69.3365194917545,22.3331397662223],[69.3367794731809,22.3358997592609],[69.3355304340503,22.3416496271267],[69.3347893913145,22.3439496798676],[69.3347893913145,22.3469497643442],[69.3337996311277,22.3501696971386],[69.3323094464456,22.3524697496901],[69.3318194055767,22.3547696271926],[69.3295895849205,22.3570807687982],[69.3276095372359,22.3612197032196],[69.3251193821155,22.361909701141],[69.3221395400624,22.3621397586724],[69.3191693791531,22.3612197032196],[69.3171794742548,22.3596196806906],[69.3144494042748,22.3580096271675],[69.3119694594059,22.3570906261216],[69.3094905700575,22.3557095738505],[69.3069993594166,22.3538696369512],[69.3052595769346,22.3515695842442],[69.3027796320656,22.3492697070962],[69.2997997891142,22.3467395964146],[69.2968195958198,22.3444397193227],[69.295080694585,22.3423697249599],[69.2908595595739,22.3391496153039],[69.2873896784484,22.335929682215],[69.2834197240689,22.3350096257131],[69.2799494908039,22.3352396836155],[69.2772106200291,22.3366196798933],[69.2747296178431,22.3361597402615],[69.2715096848606,22.3356996237891],[69.2662996700118,22.334319626716],[69.2630695276761,22.3324796908089],[69.2595996456523,22.3310996942823],[69.2563695042149,22.3283407571393],[69.2536396094064,22.3267307029529],[69.251159489366,22.3244297704],[69.2466896378023,22.3228197151242],[69.2427196834228,22.3209797779543],[69.2387506093922,22.3189097827653],[69.2355296199909,22.317529786645],[69.232799550011,22.3161496139982],[69.2290695113893,22.3147696180136],[69.2251106458137,22.3136205587502],[69.2213804311223,22.31200962501],[69.2179094926797,22.3110895678465],[69.2146795282104,22.3087895151802],[69.2117104219232,22.3074095187509],[69.2079795029526,22.30625958029],[69.2052494329726,22.30648963905],[69.2020294999902,22.3064797806433],[69.1983094937536,22.3074095187509],[69.195819514703,22.3078597779493],[69.1928495298635,22.3085596330734],[69.1903694089248,22.309709571709],[69.1873895668717,22.3122307063583],[69.1866495787581,22.3147696180136],[69.1853994850053,22.317529786645],[69.1834094031389,22.3214397177771],[69.1829105632718,22.3246607083123],[69.183909476393,22.3276507592215],[69.18638959823,22.3299497557163],[69.1891205467623,22.3306496105965],[69.1918495612218,22.3322605460482],[69.1940793818779,22.3343307170809],[69.1980495123272,22.3375497697702],[69.1992893967268,22.3400807609861],[69.1977995641843,22.3430697559713],[69.1965595028166,22.3458396058239],[69.195309586032,22.3481398353581],[69.1958094814196,22.3522798246749],[69.1980405345643,22.3545807579423],[69.2012694453097,22.3554997580985],[69.2044994115756,22.3559607538298],[69.2077195206279,22.3571098132145],[69.2102105560973,22.3582608071536],[69.2129395687602,22.3601106013201],[69.2154205709462,22.3623997414026],[69.2166495417133,22.3651697669202],[69.2168994898563,22.3681598178803],[69.2159104339487,22.3711507491412],[69.2144195449874,22.3743698026932],[69.2144195449874,22.3771296203495],[69.2156594302853,22.3801297037131],[69.2183894993669,22.3812796418234],[69.2211204487976,22.3819696408293],[69.2240995865715,22.3821894898683],[69.2270706278298,22.3826596389052],[69.230299537677,22.3835796946985],[69.2330294315871,22.3847296341972],[69.2382394473343,22.3877196852443],[69.2412294978423,22.3900206183868],[69.243709618781,22.3911696757133],[69.2484295945575,22.3941595509391],[69.250409467969,22.3959996637692],[69.2543896308034,22.4056596397899],[69.2548796707741,22.4079595169741],[69.255130499266,22.4109596012862],[69.2548796707741,22.4141795338759],[69.2541396826605,22.4173996442812],[69.2541396826605,22.4245295077596],[69.2533896621617,22.4279795003431],[69.252399548937,22.4302795526676],[69.2511496321524,22.4335096946171],[69.2486696863852,22.4362696881942],[69.2474296268142,22.4383396828473],[69.245940672824,22.4404105582788],[69.2437096196793,22.4415596156364],[69.2417096805993,22.4440995837696],[69.23873951969,22.4454695475904],[69.2362497167092,22.4468595767338],[69.2335194715578,22.4475495763561],[69.2300495904323,22.4468595767338]]],[[[69.919699517439,22.5066797873859],[69.9251795460993,22.5084996580105],[69.9316396547009,22.5096297057392],[69.935619466294,22.5091496988874],[69.9395806198787,22.5070596381142],[69.9425595815829,22.5065898408446],[69.9490096569011,22.5038096063352],[69.9517395508112,22.5028696586403],[69.9559605097525,22.5019307676892],[69.9604296570371,22.5023796186478],[69.9621796470758,22.5051306352503],[69.9611995680328,22.5078996048617],[69.9592195203482,22.5104397499334],[69.9572396460384,22.5131997428929],[69.9552705119861,22.5152806506117],[69.9547896249499,22.518969500897],[69.9542995849793,22.5212704341502],[69.9555695701274,22.5258696598617],[69.957319560166,22.5293096177391],[69.9598195716017,22.5320604576339],[69.9625505210324,22.5331996588445],[69.9690196073969,22.5354796460527],[69.9720195160169,22.5370694582324],[69.9752596907377,22.539589711892],[69.978249742144,22.5416494982412],[69.9817395137665,22.5436996022736],[69.9839795437758,22.5448495412257],[69.9872096870098,22.5455196490152],[69.9904505660098,22.5452795579768],[69.993929600968,22.5459496661674],[69.9969094430212,22.5470895708101],[70.0016396281509,22.5484496769908],[70.0051293988751,22.5491296416753],[70.0091004096734,22.5497995743696],[70.0130795169873,22.5495505058035],[70.0160604145609,22.5495395927514],[70.0200294903881,22.5492896451282],[70.0235194380803,22.5501905148906],[70.027249476702,22.5508706560041],[70.0307395995658,22.5524595882279],[70.0364595448823,22.5535896363838],[70.0406894797899,22.5542606242555],[70.0434295830532,22.5553996497186],[70.0469094983604,22.5569896381163],[70.053379465074,22.5581096526522],[70.0568595555526,22.5583207008345],[70.0615795313292,22.5587595189477],[70.0645695818372,22.558520659651],[70.0692895567154,22.5589605340141],[70.0742594806349,22.5582395558074],[70.0769895506149,22.5582296986752],[70.0807206456553,22.5577495156155],[70.0831997101752,22.5572797190232],[70.0861695198432,22.5563395959035],[70.0893996630772,22.5556395646946],[70.0921295560891,22.5549395332516],[70.0956196798512,22.5553795832961],[70.0993495433013,22.5562797487867],[70.1020796132813,22.5567296567736],[70.1050694877196,22.5571697060851],[70.1095396914229,22.5576095797789],[70.1157496758118,22.5571195406672],[70.1187395511483,22.5575706803437],[70.1232097539533,22.5577706385884],[70.1259505605976,22.5572996092959],[70.1301695818728,22.5570496607987],[70.1348895594459,22.556329562761],[70.1440705841948,22.5544494937801],[70.1477995672959,22.554419569815],[70.1525295763559,22.5555496193378],[70.1562594389077,22.5562197265989],[70.1590005976915,22.5573596318434],[70.161739467568,22.5580306196282],[70.1644705939668,22.5584796466933],[70.1682096103514,22.560299692594],[70.170699589402,22.5612095410386],[70.1749406140118,22.563489702608],[70.1771894448159,22.5650796923081],[70.1794296508951,22.5662195973203],[70.1819296632291,22.5685096170502],[70.1831896141954,22.5705796117682],[70.1871995247404,22.5767695302393],[70.1810096060201,22.5804805590887],[70.1782804172874,22.5807195943356],[70.1738095093049,22.5821296902227],[70.169829521642,22.5816896401253],[70.166600435725,22.5821707019506],[70.1628596586425,22.5796596021343],[70.1601195562775,22.578290517904],[70.1561304156801,22.5767007062968],[70.1521495485665,22.5767195403359],[70.1491704107925,22.577199547008],[70.1454505806258,22.5783697267731],[70.1409794983701,22.5786196756042],[70.137759563591,22.5800195616662],[70.1347894026817,22.5823296476825],[70.1310695734132,22.584190531652],[70.1295895980843,22.5862696789928],[70.1238895432648,22.5885996562643],[70.1201596789163,22.5883905438243],[70.1171706848271,22.5883996971241],[70.1117105448671,22.589119619335],[70.1074797287123,22.5898305628985],[70.1040096724153,22.5907706856798],[70.100289490109,22.5914796940578],[70.0975506193342,22.5907997292364],[70.0943195966495,22.5917396762071],[70.0915794942845,22.5917497092603],[70.0878596641177,22.5926896563814],[70.0836395846271,22.5929396041099],[70.0791595246085,22.5927297883128],[70.0764195983132,22.5920496472005],[70.0719506270984,22.5904605392942],[70.0694495610406,22.5893306673127],[70.066449650624,22.5865796506863],[70.0646996605853,22.5840595730336],[70.0624495972926,22.5813097890269],[70.0567104657582,22.5764996913816],[70.0532196377169,22.5746796453295],[70.049740603657,22.5740095373642],[70.0427895747358,22.5754196330726],[70.0397995242278,22.5763497221526],[70.0370694542478,22.5761296967591],[70.0343295279525,22.5752297073066],[70.0320794637615,22.5726995958138],[70.0280794113284,22.5690396126712],[70.025359548905,22.5702006408505],[70.0231306085978,22.5722796119177],[70.0221496501042,22.5748195812609],[70.02191959156,22.5789595698855],[70.0229294192119,22.581949620848],[70.023689472994,22.584709613929],[70.0234493820646,22.5874696081103],[70.0237296052293,22.5927597122551],[70.0229994743293,22.595980701304],[70.0227694157851,22.6003595501769],[70.0212896174242,22.6024295440016],[70.0200594132702,22.6045095719884],[70.0200694456553,22.6072695656594],[70.0185894703264,22.6095796522648],[70.0163703863346,22.6114297971357],[70.0131395388214,22.612589593105],[70.0098993641005,22.6119198371258],[70.0064194496917,22.6121595757351],[70.0036805789169,22.6110196710968],[70.0006905284089,22.6085096256658],[69.9986895329101,22.6064396312447],[69.9956994824021,22.6041596447628],[69.9899395800217,22.5979695506052],[69.9874496018694,22.5959095888079],[69.9834595809231,22.5929396041099],[69.9802195822721,22.5897297042694],[69.9774805354275,22.5885896229817],[69.9744797473569,22.5860697206169],[69.9704895503407,22.5828705578024],[69.9672495498931,22.5808097157042],[69.9637596030991,22.5792096951509],[69.9600195302958,22.5771606456346],[69.9577796763562,22.5760195089107],[69.9545396768069,22.5751096611542],[69.9520595558683,22.5755806909855],[69.9465895586947,22.5751395847768],[69.9433595933271,22.5744606756958],[69.9408595809931,22.5730896560279],[69.9393595390974,22.5694196402686],[69.9385896272033,22.5645907083781],[69.9393195820335,22.5611396607536],[69.9397995887208,22.5579096940695],[69.9420306418654,22.5553695500838],[69.9445095312139,22.5537505190314],[69.9459896826126,22.5516805238977],[69.9447395888598,22.5491495331231],[69.9419896292812,22.5468595130161],[69.9392595584029,22.5466396637436],[69.9367796144323,22.5471105170399],[69.9332995230553,22.5480395509398],[69.9300695567894,22.5480596167705],[69.9261004827589,22.5496795293071],[69.922869636144,22.550849533634],[69.9201496003458,22.5524696208223],[69.9174195303658,22.5531696531838],[69.9146896355573,22.5540995663255],[69.9114594941199,22.5547995978828],[69.9084895092804,22.5557395440084],[69.9054994578741,22.5557495771938],[69.902509407366,22.5550706680363],[69.8995295653129,22.554619529309],[69.8977795743759,22.5525595673575],[69.8975195929495,22.5495696919989],[69.8970094873103,22.5463506390192],[69.8962596419831,22.543590646297],[69.8959996596584,22.5403696567464],[69.8949905380823,22.5373804864054],[69.8927395944406,22.534859527809],[69.889259503962,22.533490620321],[69.8855196072284,22.5323494832359],[69.8808105450842,22.5335196643276],[69.8773295742566,22.5335395538763],[69.8746003846256,22.532849556371],[69.8718595779814,22.5333295622156],[69.8683904002368,22.5335696532937],[69.8656495926942,22.5340396268506],[69.8631694717555,22.533359485775],[69.8604395778454,22.5338296351207],[69.8567005632574,22.5326897296801],[69.8549503962506,22.530389501062],[69.8546897096467,22.5273994492041],[69.8559195607629,22.5239494580511],[69.8581493832156,22.5218706616014],[69.8621203922173,22.5204695431915],[69.8658395190032,22.519539630066],[69.8703095457384,22.5172195113295],[69.8770095700979,22.5153595081173],[69.8834594702446,22.5130297069771],[69.8869295274399,22.511639678053],[69.8896595974198,22.5116298209132],[69.8921395422887,22.5111596707109],[69.8966104502713,22.510449783091],[69.8993494962175,22.5097497507603],[69.90529949918,22.5092708007618],[69.908290430037,22.5101797680766],[69.9110294768816,22.5101697348995],[69.9137595477599,22.5094707600755],[69.9167295317011,22.5089997303259],[69.9189595293254,22.5071407833428],[69.919699517439,22.5066797873859]]],[[[69.6461794502609,22.4106695200539],[69.647919583086,22.4125096327261],[69.6533994365748,22.4203205193139],[69.6548994793689,22.4226196920816],[69.6563894879812,22.425829592413],[69.6576506714361,22.429739523365],[69.659399605056,22.4338795130329],[69.6601496273514,22.4373295040465],[69.6621495646347,22.4416995518521],[69.6626496378888,22.443999605098],[69.6634095156011,22.4465295397473],[69.6631595683564,22.4495197667357],[69.6634195488845,22.4536597572543],[69.6631894912385,22.4573406862899],[69.6621995558803,22.4603395388918],[69.6609596696841,22.463100588303],[69.6587294968884,22.4647196186155],[69.6569995734165,22.4670196718422],[69.6535295162212,22.4684097023978],[69.6465795428205,22.4693496492008],[69.6406196826444,22.4709697362702],[69.6383895098487,22.4725907042199],[69.6351595435828,22.4751296156979],[69.6329295468568,22.479049756752],[69.631709552056,22.4822696901395],[69.629719471088,22.4847996250481],[69.6277394216067,22.4864197131459],[69.6247595795536,22.48734980168],[69.6215294381162,22.4871296012506],[69.6185495960631,22.4866696607877],[69.6163095660537,22.4850696398028],[69.6135796721435,22.4848397576428],[69.6110895170232,22.4834696177543],[69.6086005952896,22.4816296818834],[69.6063494755781,22.4763395769043],[69.6046095179245,22.47289961875],[69.6028695611692,22.4710596827209],[69.6008794793029,22.4692197463259],[69.5983903806012,22.4678496062918],[69.59489955256,22.4662395523032],[69.5924194316213,22.4653297053109],[69.5867103999372,22.4644207372824],[69.5832195718959,22.4628196597968],[69.5799894295602,22.4609795467322],[69.5779995237637,22.4579896723367],[69.5765005382867,22.4545497143686],[69.5752497393565,22.4504097238559],[69.5752395309016,22.4478797885882],[69.5747496670007,22.4448895619407],[69.5734897160344,22.440749571977],[69.5732406482404,22.438219637359],[69.5732295594365,22.4354506669318],[69.5727305417029,22.4331595907052],[69.5729796103952,22.4306205034151],[69.5737195994072,22.428319569911],[69.5751997499075,22.4255497202187],[69.576679550065,22.4225596691953],[69.5776707188101,22.4202606723117],[69.5794096200449,22.4184096459168],[69.583369541141,22.416109592941],[69.5866003868576,22.4144895061269],[69.5893195441035,22.4117194793985],[69.5927994594107,22.4096406834131],[69.59576962032,22.4080306290037],[69.5989994096178,22.4068696007901],[69.6017196223841,22.4064005077765],[69.604209425365,22.4068595676064],[69.6071896186594,22.4084595892291],[69.6099205689883,22.4096097041552],[69.6129095639759,22.4105195511959],[69.6156394578861,22.4098196957693],[69.6186096178971,22.4095905176575],[69.6238294908578,22.4077296348626],[69.6258104188915,22.4051995237492],[69.6285396094208,22.4051894912754],[69.6340006279331,22.4042606330503],[69.6364696600679,22.4035595460102],[69.6439404757721,22.4088406734001],[69.6461794502609,22.4106695200539]]],[[[70.2717394497162,22.733879672399],[70.2744994425783,22.7363997486116],[70.2767394725876,22.7377596799802],[70.278499496808,22.740289614912],[70.280499435888,22.7418796030309],[70.2824895177543,22.7423305660468],[70.2800394957676,22.7478697392825],[70.2788205582838,22.7517907589818],[70.2781094366336,22.7556998110259],[70.2781305587208,22.7591498017259],[70.277889412271,22.7616797365923],[70.2779195112229,22.7658297597777],[70.277199412708,22.7685897530384],[70.2764694587761,22.7722698019256],[70.2750005731494,22.7750396531458],[70.273769490443,22.7775796211241],[70.2720393882064,22.7798897070946],[70.2705696222307,22.7826607892702],[70.267589428038,22.7847497939206],[70.2651096592389,22.7863707619436],[70.2621407290215,22.7873096517461],[70.2591496220947,22.786869602255],[70.256149714373,22.7848098172334],[70.2538896177969,22.7820697140326],[70.2516296972906,22.7784007538763],[70.2478795921021,22.7756597707101],[70.2443796111264,22.7749896634073],[70.2413895597201,22.7745496131054],[70.2391497048822,22.7731796496489],[70.2371397334172,22.76997080637],[70.2363705267006,22.7674398141215],[70.2353696768117,22.7651496186328],[70.2350896288185,22.7616996270846],[70.2340896601768,22.7589507231421],[70.233569697324,22.7566497902065],[70.2333097149993,22.7538897966811],[70.2317904868858,22.7504496631036],[70.2300306387352,22.7470097046965],[70.2280206672701,22.74494956676],[70.2275095052122,22.7426505702746],[70.2269696518624,22.7357497083263],[70.2269506417144,22.7325295976113],[70.2281495126313,22.7253895238168],[70.2288696111462,22.7223996487274],[70.2301005186811,22.7193995652528],[70.2305807014382,22.7170995119524],[70.2315597249607,22.7145597197784],[70.2342795846891,22.7124705392174],[70.2360195423427,22.7106196893801],[70.2382395048869,22.7092296592547],[70.2412295571916,22.709219625667],[70.2449705103439,22.7101095833099],[70.2479595053315,22.7119396631083],[70.2499596195829,22.7135396842582],[70.250490496068,22.7169806992802],[70.2512597036829,22.7208897498581],[70.2505295718846,22.7238905380998],[70.2508006430132,22.7273296166498],[70.252069746914,22.7312397237201],[70.253819737851,22.7330696278002],[70.2570595613305,22.7330497372829],[70.2622695761793,22.7311797008879],[70.2647595552299,22.7304805502739],[70.2679895205975,22.7313796600686],[70.2717394497162,22.733879672399]]],[[[70.3105196405816,22.8008295697294],[70.3147694668845,22.8051695176297],[70.3170394206742,22.8090706487202],[70.319289483967,22.8106595806168],[70.3208196257129,22.81433065363],[70.3230705693546,22.817539498035],[70.3245896196018,22.8205196920958],[70.326099521406,22.8228095348074],[70.3273596484422,22.8253396458401],[70.3286195994086,22.8276294902796],[70.330389479046,22.8312996818976],[70.332929622717,22.8393297132463],[70.333949482754,22.8418596479612],[70.3364896273233,22.8491996810639],[70.3387595811131,22.8535596950839],[70.3400195320794,22.8556205371818],[70.3415296072586,22.8583696170978],[70.34279959061,22.8613496353286],[70.3453096362274,22.8643307089616],[70.3463294953662,22.8670796126815],[70.3508495124487,22.872339618057],[70.351859515272,22.8748695533915],[70.3533796228362,22.8778497468463],[70.3536496384444,22.881069680179],[70.3533995133333,22.8819897363703],[70.3493795686065,22.8926296150897],[70.3448095629734,22.8990696582545],[70.3420606589152,22.8976996951124],[70.3370506027604,22.8942798033331],[70.3340496377216,22.8919996402826],[70.3285395092111,22.8874396668238],[70.3267796619588,22.8853696716335],[70.3242696172397,22.8830907409966],[70.3230096662733,22.8807996646726],[70.3207596038789,22.8782797641397],[70.3182194593095,22.872779667738],[70.3169595083432,22.8691107082064],[70.3176796059598,22.865419744645],[70.3181506348841,22.8608206950801],[70.3178695313704,22.8573707043836],[70.316860408896,22.8550796279904],[70.3163295324109,22.8509396378903],[70.3150695814445,22.8484197356661],[70.3122895211173,22.8422196091575],[70.3097696200829,22.8376395696954],[70.3049894464025,22.8296097151359],[70.3034695140098,22.8273195190083],[70.300709522046,22.8234294781391],[70.2991895878566,22.8206795181717],[70.2984295340745,22.8181495830208],[70.2981603988154,22.815619648066],[70.2981494860813,22.812399538374],[70.2978696141579,22.8075706073736],[70.2978405707265,22.8043506726137],[70.2990695432903,22.8018196822636],[70.3010495909749,22.8001895608157],[70.3042795581391,22.7987894989049],[70.3077596477195,22.7985406063559],[70.3084994597633,22.7983096681276],[70.3105196405816,22.8008295697294]]],[[[69.341099530671,22.537929492404],[69.3373795253328,22.5383904878236],[69.3336494858128,22.5374795853502],[69.3309195919027,22.5370196447731],[69.3276794171819,22.5347195919933],[69.3244594833011,22.5331095370645],[69.3214694318947,22.5314996591842],[69.3192396112386,22.5298896040548],[69.3169995812293,22.5287396649666],[69.3142594788642,22.5275895511808],[69.3095495363711,22.5257496139057],[69.3040797161656,22.5225395382896],[69.3035696096282,22.5133294692234],[69.3030795696575,22.5075796006243],[69.3050604985895,22.5059697232335],[69.311779533097,22.5038997281364],[69.3145094261089,22.50343081063],[69.3172394969872,22.5025107543754],[69.3229495841917,22.5011307581089],[69.3266794467436,22.5008897857215],[69.3304096623333,22.5004296702341],[69.3346295648558,22.5008897857215],[69.3380994468796,22.5008897857215],[69.3413295892153,22.5011196677763],[69.3455595250212,22.5011096347717],[69.3495294794007,22.5006496951311],[69.3532595180223,22.5011096347717],[69.3577295447576,22.5006398380378],[69.3619494481784,22.5004097800697],[69.3649394986864,22.5013298361915],[69.3669195481677,22.502940770966],[69.3689094539642,22.505469825858],[69.3684204704124,22.5091496988874],[69.3671795286957,22.5114497516419],[69.3659394691247,22.5139795106268],[69.3634605797763,22.5199696468001],[69.3619695138469,22.5264095127177],[69.3609795775903,22.5293995636007],[69.358989495724,22.5321706474092],[69.3565095508551,22.5335506432671],[69.3542695208457,22.535620638163],[69.3515394508658,22.5379196346507],[69.3483094845999,22.538849547669],[69.344579622048,22.5381595501472],[69.341099530671,22.537929492404]]],[[[69.3177295360595,22.4755895563146],[69.3144895374085,22.4751296156979],[69.3107695311719,22.4744396180699],[69.308039461192,22.4742095597137],[69.3050494097856,22.4732997127697],[69.3015696714466,22.4746797093053],[69.2958595833437,22.4730696550104],[69.2933806948935,22.4716896582052],[69.2906497445646,22.4703096609333],[69.2871705344349,22.4691597228503],[69.2849296231783,22.4677797261097],[69.2834396136676,22.4654807298189],[69.2824496783094,22.4631806767813],[69.2821995540966,22.4599607437783],[69.28293971828,22.4599607437783],[69.2844297268923,22.4572007500836],[69.2851797482893,22.4539797607758],[69.2866695808319,22.4505295944086],[69.2888995775578,22.446149689005],[69.2911397836369,22.4433896960291],[69.2938707339659,22.4415497593191],[69.2973497680257,22.4399397037617],[69.3005795591202,22.4392396728035],[69.3067895426107,22.4410796102621],[69.3092694883779,22.4426896642137],[69.3119993822881,22.4436097210501],[69.315719386728,22.4440696608317],[69.3182095427467,22.4445296007487],[69.3239194538815,22.4461296233321],[69.3268996489725,22.4477405568463],[69.329639399198,22.4493495562875],[69.3301294391687,22.4516496088627],[69.3301294391687,22.4574105659248],[69.3296393982997,22.4601705587623],[69.328639429658,22.4668396042888],[69.3269095052879,22.4702897705911],[69.3261594838908,22.4725907042199],[69.3239305435837,22.474669676044],[69.320699520899,22.4755895563146],[69.3177295360595,22.4755895563146]]],[[[70.203579590684,22.7113895997792],[70.2058296539768,22.7132195041933],[70.2080895753815,22.7164297563165],[70.2096095068759,22.7203296549245],[70.2103695597597,22.7228595891468],[70.2116295116243,22.7260707220947],[70.2133895349464,22.7290496836046],[70.2139094977992,22.7320395591662],[70.2136796153247,22.7352596681645],[70.2137095400035,22.7393996580559],[70.2134796584273,22.7430897399749],[70.2135396802614,22.7525196582341],[70.2130695307877,22.7578095857637],[70.2118796349388,22.7647196017426],[70.2103994844384,22.7672597460309],[70.2084395024223,22.7723298249307],[70.2049794767138,22.7774097606468],[70.2032506087624,22.7801797883144],[70.2010306453199,22.7817996991522],[70.1977904697008,22.7825097641007],[70.1965294632139,22.7795207686045],[70.193479565145,22.7689597473592],[70.1934295747978,22.7602198268502],[70.1939006046204,22.7560696290345],[70.1933894425625,22.7537796090115],[70.1931196039225,22.7505596761762],[70.191599672428,22.746189628319],[70.1905796363213,22.7420596706126],[70.1905606261732,22.7383806776689],[70.1902895550447,22.7353897468615],[70.190249421911,22.7273405296739],[70.190719572283,22.7238905380998],[70.1912096113553,22.7213496903816],[70.1926795542991,22.7181197239539],[70.1943994453859,22.7148895810237],[70.1958806532034,22.7128097286675],[70.1978596462658,22.7109595836371],[70.200839488319,22.7107205487432],[70.203579590684,22.7113895997792]]],[[[69.1999896038463,22.5119297588067],[69.1987495451736,22.5093996477883],[69.1984995961323,22.5061696806818],[69.1992496157328,22.5034096876441],[69.2014794372872,22.5008806332557],[69.2024794068272,22.4983496420097],[69.2052195100905,22.4967397642452],[69.2062096224169,22.4935196537255],[69.208439443073,22.4905297787637],[69.2116796186922,22.4877697857711],[69.217139581684,22.4838496450945],[69.2196295598363,22.4827097400627],[69.2250895228281,22.4787895988677],[69.2270706278298,22.4771797210146],[69.2298094986046,22.4753396077612],[69.2325404489336,22.4744197283208],[69.2382596890726,22.4730397308551],[69.2409906394015,22.4725796149208],[69.244960593781,22.4721196750999],[69.2479395545869,22.4725796149208],[69.2509206300269,22.4721196750999],[69.2548995612711,22.4725796149208],[69.2581295266387,22.4737205762146],[69.2593695880063,22.4764897228099],[69.2596096789357,22.4797096559653],[69.2591196398633,22.4829295889469],[69.2578806349145,22.487299636637],[69.2563895698834,22.4893696319533],[69.2534095517604,22.4919097761986],[69.2509206300269,22.4935196537255],[69.2471995682699,22.4935196537255],[69.2444596410763,22.4942096533642],[69.241489480167,22.4944397108535],[69.2377504637824,22.4958197066429],[69.2347695662088,22.4962796474035],[69.2317995813693,22.4985797000844],[69.2283194899923,22.4999596969043],[69.2243395023294,22.500190635351],[69.2216094332477,22.4999596969043],[69.2183796421533,22.5011096347717],[69.2151494998176,22.5029506278953],[69.2121696577645,22.5084706137238],[69.2099294516854,22.510089646219],[69.2074394726347,22.5110097018399],[69.2044596305816,22.5119297588067],[69.2019805660617,22.5112306069907],[69.1999896038463,22.5119297588067]]],[[[70.2411695353575,22.6982095766005],[70.2389395377333,22.6998296651434],[70.2377195420341,22.7028295733897],[70.2329995680542,22.704469550853],[70.2300095166479,22.704029677898],[70.2265206235777,22.7019695398536],[70.223269713091,22.6992306685993],[70.2207596665752,22.6957996879219],[70.2199906359285,22.6921206951691],[70.2209596261676,22.6886596143239],[70.2251596390914,22.6838097360548],[70.2276295515752,22.6814896171802],[70.2291097029739,22.6794106451622],[70.2303395549883,22.6764195382501],[70.232319602673,22.6743294759596],[70.2340306929649,22.6713396010406],[70.2357597369861,22.6694894546884],[70.2392597179618,22.6712994688492],[70.2400195956741,22.6738304604051],[70.2405297022116,22.6768196311878],[70.2410496650643,22.6793506219864],[70.2420695259996,22.6825596422488],[70.244799594183,22.6836995466444],[70.2482997512285,22.6845995372336],[70.254289535185,22.6884696883481],[70.2562896503348,22.6900695336659],[70.2572996522598,22.6925996449831],[70.256070679696,22.6953596379468],[70.2530896069509,22.6956095862011],[70.2503495036876,22.6954006506947],[70.2466296744191,22.6956495430385],[70.2436406794316,22.6965894896153],[70.2411695353575,22.6982095766005]]],[[[69.8143695207201,22.5164906117515],[69.8116396268099,22.5158104714086],[69.8086495763019,22.516279564347],[69.805669558179,22.5151396593175],[69.802689540056,22.5151495162071],[69.7997096980029,22.5146996088141],[69.7964596651702,22.5124106447869],[69.7939795442315,22.5114897088729],[69.7892495351715,22.5101297781168],[69.7877494932758,22.5069098448829],[69.7869896146652,22.5041498516793],[69.7877296027788,22.5002406247542],[69.789459527149,22.4972396599757],[69.7934296567,22.4967696865975],[69.7993995501595,22.4978997347297],[69.802869608253,22.4969696457272],[69.8065904939402,22.4962697899987],[69.8103196531112,22.4957998166457],[69.8135506757959,22.4966998069021],[69.8200206416111,22.4987506160793],[69.821769575231,22.5008206102283],[69.8230194938123,22.5040396636277],[69.8235306567685,22.507259597306],[69.8245406577953,22.5116197870114],[69.8237996141613,22.5139305776121],[69.8215696174353,22.5162394317451],[69.8170995898018,22.5164795226509],[69.8143695207201,22.5164906117515]]],[[[69.1279196370972,22.5103395942505],[69.1306595642908,22.5112596506976],[69.1336395824138,22.5181694903255],[69.1351197338125,22.5202394850259],[69.1341206437231,22.5225395382896],[69.1323896638325,22.5248404710095],[69.1294006688449,22.5266795283851],[69.1269096342739,22.528059524343],[69.1244295133351,22.5298996366301],[69.1231795947539,22.532199690034],[69.1221894833258,22.5347306812894],[69.1199596617714,22.5356496808919],[69.1187095680186,22.5333496276954],[69.1137496782809,22.5282795492416],[69.1112695564438,22.5264396128592],[69.1100194617928,22.5243696181069],[69.1105306238507,22.5218396833617],[69.1120095436591,22.5190796903265],[69.1140096588089,22.516779636734],[69.1167406091379,22.5133294692234],[69.1197306596459,22.5119496489738],[69.122700469314,22.5112596506976],[69.1254395161586,22.5098796537723],[69.1279196370972,22.5103395942505]]],[[[69.1433497229498,22.4866497711353],[69.1398706888899,22.4866497711353],[69.1376306588805,22.4852697743735],[69.1351496566945,22.4841196600421],[69.1324206440317,22.4831897473526],[69.1296796604193,22.4834196289325],[69.1264595513671,22.4845697432697],[69.1237296583552,22.4852597410496],[69.1209895550918,22.4845697432697],[69.1182596611816,22.482959687763],[69.1170196007123,22.4808796600651],[69.1157795402429,22.4778896091854],[69.1155306476204,22.4753596741859],[69.1180195702523,22.4725996809152],[69.1210006438957,22.4723696228233],[69.1234795323458,22.4728397720196],[69.1264595513671,22.473529770977],[69.128939673204,22.4739897110961],[69.1319297237121,22.4732997127697],[69.1346596176223,22.4730696550104],[69.1381397081009,22.4730696550104],[69.1416196234081,22.4721497737754],[69.1440997443468,22.4726097143265],[69.1465795140442,22.4739997444065],[69.1490596349829,22.4762997971188],[69.1495597082369,22.4786007296814],[69.1493097591956,22.4815897251579],[69.1478195736152,22.4841196600421],[69.1455795436059,22.4852697743735],[69.1433497229498,22.4866497711353]]],[[[69.057959620711,22.4332095810497],[69.0611895878753,22.4332196139905],[69.0644105772765,22.4339096117078],[69.0676394871237,22.435059550737],[69.0701296422441,22.435519666662],[69.0728495019725,22.4362196981218],[69.0750904123308,22.4378295768173],[69.0763206155866,22.4419695667424],[69.0763206155866,22.4474997622101],[69.0755705950879,22.4507196949017],[69.0750794986984,22.4523695298808],[69.0735896661559,22.4527896897747],[69.0705996147496,22.4516295423253],[69.0678704251186,22.4497896061663],[69.0656395480437,22.4481795507769],[69.0626604102697,22.445639582634],[69.0609296064489,22.4435695881364],[69.0576994641132,22.4410396526375],[69.0549794274166,22.4384996849388],[69.0527393974073,22.4371196893744],[69.0507595239958,22.4341305169668],[69.05398949116,22.4329795231848],[69.057959620711,22.4332095810497]]]]}},{"type":"Feature","properties":{"wdpaid":317318,"name":"Nijhum Dweep","designation":"National Park","designation_type":"National","iucn_category":"IV","marine":true,"area_km2":133.724484,"status":"Designated","status_year":2001,"governance":"Federal or national ministry or agency","managing_authority":"Forest Department","iso3":"BGD"},"geometry":{"type":"Polygon","coordinates":[[[91.0380859369899,22.0911865227535],[91.0319213866932,22.0942382810944],[91.0286254876787,22.0960083013626],[91.0242309571566,22.1013183588087],[91.022888184216,22.1036987302429],[91.0246582030922,22.1058959958103],[91.0277099606738,22.1109619135853],[91.03100585879,22.1160278316446],[91.0327758785645,22.1193237298675],[91.0389404297596,22.1254882805978],[91.0385131838239,22.1296386718815],[91.0409545900688,22.1351928706532],[91.0409545900688,22.1395874017416],[91.0429077152444,22.1459350590753],[91.044433593586,22.1531982421215],[91.044433593586,22.1556396478796],[91.0404663089995,22.1558227537878],[91.035644530745,22.1574096683339],[91.0325927731635,22.1571655273275],[91.0299072272823,22.1530151369581],[91.0270385742035,22.1477050776117],[91.022644042783,22.1428833013854],[91.0180664059616,22.1380004876299],[91.0134277340065,22.1340942378838],[91.0076904296454,22.1265869139047],[91.0017700198833,22.1210937499355],[90.9962768551586,22.1160278316446],[90.9905395507975,22.111206054789],[90.9843749996025,22.1074218748152],[90.9773559574345,22.1035156248294],[90.9738159178853,22.0979614256084],[90.9707641603038,22.093383789217],[90.9689941414275,22.0865478519432],[90.9680786126259,22.0812988283289],[90.9665527342843,22.0751342771327],[90.9639282226385,22.0682983397857],[90.960632323624,22.0629882811254],[90.9544677733273,22.056396484348],[90.9505004878425,22.0518188481296],[90.9474487302609,22.0462646477417],[90.9447631843797,22.0416870117157],[90.946533203256,22.0337524410173],[90.9492187500355,22.0304565427616],[90.9548950210595,22.0258178711132],[90.9608764650569,22.0220947267],[90.9749145511896,22.0174560551862],[90.986572266211,22.0156860349899],[90.994934082218,22.0161743163918],[91.0032958982249,22.0194702147318],[91.0116577151302,22.0238647459419],[91.016967771759,22.0269165036881],[91.0231323238523,22.0304565427616],[91.0301513669186,22.0346069337094],[91.0391845702942,22.0346069337094],[91.0440063476503,22.0313110353607],[91.049499512375,22.0247192383435],[91.0611572273965,22.022338867394],[91.0695190434034,22.0238647459419],[91.0807495115909,22.0240478521284],[91.0888671870632,22.0245361330249],[91.0952758787929,22.0269165036881],[91.1016235353889,22.0341796871754],[91.1036376947998,22.0414428710759],[91.1055908199754,22.0548706051424],[91.1058349614084,22.061218261646],[91.10736083975,22.0684814450861],[91.106262207344,22.0779418952154],[91.1051635731414,22.0812988283289],[91.1084594730542,22.0858764653595],[91.1137695305813,22.0900878908463],[91.1183471683011,22.091857909889],[91.1232299798926,22.0906982422215],[91.1269531248427,22.0874023444118],[91.1322021481345,22.0891723629976],[91.135498047149,22.0931396479682],[91.1370849606242,22.0968627931649],[91.1368408200896,22.1010742188018],[91.1333007814387,22.1076660163211],[91.1251831050681,22.1160278316446],[91.1183471683011,22.1213378910712],[91.115051270185,22.1250610350962],[91.1110839838018,22.1281127928336],[91.107177734349,22.1294555660367],[91.1040649407355,22.1329956048669],[91.1022949218592,22.1320800776033],[91.0992431642777,22.1296386718815],[91.0952758787929,22.1265869139047],[91.0915527338427,22.1235351564095],[91.0866699222513,22.1215209958132],[91.0844726556428,22.1186523436165],[91.0809936521256,22.1160278316446],[91.0774536125764,22.1129760744063],[91.0739135739256,22.1098632808445],[91.0706176758094,22.1065673828749],[91.0662231452873,22.1028442382218],[91.0624999994388,22.099548340222],[91.0587768553869,22.096435546662],[91.050598144781,22.0920410162793],[91.0431518548807,22.0906982422215],[91.0380859369899,22.0911865227535]]]}},{"type":"Feature","properties":{"wdpaid":67808,"name":"Sundarbans Reserved Forest","designation":"Ramsar Site, Wetland of International Importance","designation_type":"International","iucn_category":"Not Reported","marine":true,"area_km2":345.290268,"status":"Designated","status_year":1992,"governance":"Collaborative governance","managing_authority":"Forest Department","iso3":"BGD"},"geometry":{"type":"Polygon","coordinates":[[[89.600669998777,22.4305499999742],[89.5573299999536,22.4390800003642],[89.5429199996152,22.4711599996534],[89.5095699997765,22.4826299998716],[89.4740900000761,22.4723399998434],[89.4607400009932,22.4400800002985],[89.4333599997169,22.4190100003352],[89.4013899999024,22.443760000389],[89.3661799996404,22.4426500001413],[89.3589199996688,22.406789999695],[89.3433000000837,22.373220000206],[89.3252600002087,22.3415500001819],[89.3266300001873,22.3045399996688],[89.3282899996957,22.2686599996154],[89.3343999997968,22.2329000001946],[89.3088699997964,22.207939999968],[89.2361400003838,22.2357899998152],[89.200259999752,22.2457200000101],[89.1676299996135,22.2312200003874],[89.1476199997103,22.2000600001127],[89.1122699997062,22.202630000053],[89.0807300000621,22.1853500003096],[89.1069200012849,22.1545699998741],[89.0829999996659,22.1294900000259],[89.0491300001435,22.0924899998274],[89.0632900002367,22.0471000002435],[89.0907299999908,22.0094000001917],[89.1221499999843,21.9542700001741],[89.0653899999612,21.9278099997442],[89.0825200001652,21.8605299996797],[89.0668200002142,21.8226899997044],[89.0708499997839,21.7352300001145],[89.102990000376,21.696969999887],[89.1434000001697,21.7596100003916],[89.118430000036,21.8081099999163],[89.1697000000991,21.7972199998557],[89.201690000005,21.7831900003837],[89.2346799999936,21.7637799996211],[89.2214100003783,21.6879700003595],[89.2186200010908,21.6405699998395],[89.3122800001233,21.6646300002199],[89.2612500002597,21.6969100003445],[89.2887300001968,21.7241300000133],[89.2862599996781,21.7729799996568],[89.3129300004017,21.8340500001927],[89.3512699997098,21.7943899998521],[89.3778500000217,21.7444299997664],[89.4091899996492,21.7095400003643],[89.4607200000034,21.76051999974],[89.4842399997927,21.7864499997636],[89.4678999996091,21.8186499997118],[89.459420000345,21.8590000000339],[89.5352899997478,21.9237099997051],[89.5192600000839,21.9728099997217],[89.5607300002348,21.9692300003556],[89.586779999919,21.9335000002732],[89.5681199999028,21.8927400002642],[89.58294000032,21.8387499996265],[89.5312400000865,21.8231300003874],[89.5502199997698,21.7754400000765],[89.557159999176,21.7350299999295],[89.5809600002461,21.7062499998236],[89.6234999999016,21.7141099998456],[89.6067000003088,21.7601200002695],[89.6540899996917,21.7517400003515],[89.6893500001824,21.7549800003739],[89.7120699999055,21.7852700003194],[89.705690000366,21.8399200000278],[89.7654599997847,21.8607000001107],[89.8510200003931,21.8795500002107],[89.8829800001618,21.8987199997165],[89.9030200002022,21.9481500003232],[89.8856799999359,21.9950300002723],[89.8585199996659,22.0748000001866],[89.8881100002716,22.1089700003211],[89.8833299999661,22.1523100003913],[89.8750099996374,22.1934699999631],[89.8424799999563,22.2152199999926],[89.8092399997225,22.2259300002544],[89.8042600002987,22.2734099999683],[89.7776299997582,22.3002199998316],[89.7689400004318,22.3393099999212],[89.7506200001743,22.3777900000964],[89.7198499995608,22.4063700003483],[89.6838600002225,22.4083899996956],[89.6243400001507,22.3866500002812],[89.600669998777,22.4305499999742]],[[89.3436229543099,21.8751307861084],[89.3070599996018,21.8810699998111],[89.3857700012157,21.9240099998301],[89.375639999794,21.8699300003629],[89.3436229543099,21.8751307861084]]]}},{"type":"Feature","properties":{"wdpaid":4477,"name":"Sundarban South","designation":"Wildlife Sanctuary","designation_type":"National","iucn_category":"Ib","marine":true,"area_km2":242.109543,"status":"Designated","status_year":1996,"governance":"Collaborative governance","managing_authority":"Forest Department","iso3":"BGD"},"geometry":{"type":"Polygon","coordinates":[[[89.3386154179294,21.882373810332],[89.3372650138005,21.8816432946538],[89.3357849118091,21.8806133270799],[89.3314895615825,21.8770847319393],[89.3295364382036,21.8756141659522],[89.3282089240464,21.8744354237495],[89.327270507968,21.873481750161],[89.3238372808011,21.8697357170522],[89.322280883096,21.8679008481304],[89.3200988770675,21.8651103969952],[89.3184509275602,21.8626384731041],[89.3170700067628,21.8610420221297],[89.3152008057943,21.859062195373],[89.3139572140476,21.8575763697569],[89.312744140766,21.855733870867],[89.3122253421299,21.8546218866882],[89.3112411488029,21.8521099087535],[89.3103561411614,21.8502140049438],[89.3098297122352,21.8486442556272],[89.3094711299266,21.8468723302752],[89.30917358365,21.8427658080217],[89.30886077859,21.8401432039121],[89.3088150031381,21.8376712791254],[89.3089981076408,21.8341922758071],[89.3091659542583,21.8325290673649],[89.3096618647194,21.8309154512117],[89.3103103639128,21.8294849400114],[89.3108291643456,21.829261780365],[89.3109893797748,21.8283672328189],[89.3109512328163,21.8277816766168],[89.3111877439593,21.8264636989866],[89.31131744272,21.8251914967761],[89.3115997320098,21.8238849643763],[89.3122177118399,21.8217544551355],[89.3122711193784,21.8207073208301],[89.3117294307705,21.8172550198688],[89.3112640378763,21.8159008022385],[89.3106231689729,21.8144893651919],[89.3101654045721,21.8132610322953],[89.3094253526781,21.8117694847982],[89.3088073719497,21.8108501428798],[89.3080825806358,21.8100566862573],[89.3075408929262,21.8096313482687],[89.3060607909348,21.80882644712],[89.3056411752892,21.808664322402],[89.3043136602337,21.8082027443871],[89.3025741571277,21.8078079221322],[89.3010025024358,21.8076686861709],[89.2986068716429,21.8076286311198],[89.2980041505962,21.8075580597737],[89.2968749997251,21.8076038362818],[89.2985229492324,21.8049468988568],[89.2988586415692,21.8039951319904],[89.3000183109054,21.8016433709726],[89.3007812500762,21.8004779810984],[89.3012390135787,21.7996158601643],[89.3017578122149,21.7982883448563],[89.3027572634269,21.7963047016471],[89.3030395509202,21.7955055225937],[89.3030624390953,21.7952060689992],[89.3034515380724,21.7944717413503],[89.3041992193581,21.7933731079942],[89.3051300051464,21.7914943685933],[89.30607604882,21.7902927399931],[89.3074951165759,21.7887344349459],[89.3077239992255,21.7882995611386],[89.3093872084145,21.7865924836781],[89.3108139037656,21.7852897640412],[89.3115463262679,21.7844886783945],[89.3135757435639,21.781944275089],[89.3144760126838,21.7810649869488],[89.3154144287621,21.7797126769891],[89.3158798216563,21.7791633602765],[89.3163986202925,21.7783164979284],[89.3173370363709,21.7764034269829],[89.317543029947,21.7763328552743],[89.3175735466155,21.7758750914105],[89.3178176880485,21.7755088796011],[89.3183212279012,21.7741432180587],[89.319320678215,21.7720146176655],[89.3198165895743,21.7701911917415],[89.3198089592843,21.7696170796991],[89.3197250368738,21.7692508702669],[89.3199691774085,21.7671852109202],[89.3199386589433,21.7666015628542],[89.3200759879941,21.7657413480656],[89.3200225831504,21.7651557919781],[89.3201751709846,21.7646408076592],[89.3202514649017,21.7639636987704],[89.3200683586024,21.7617282868654],[89.3201141358509,21.7582530971825],[89.3202667236851,21.757116317299],[89.320060730109,21.7555694567576],[89.3201751709846,21.753961563386],[89.3200378419338,21.7528057097133],[89.3199920646853,21.7515659332037],[89.3202285758282,21.7503261568372],[89.3200759888924,21.7488842011521],[89.3207244871876,21.7432193750971],[89.3250045768341,21.65686798071],[89.3430480954101,21.6604309078623],[89.4826049797373,21.685554504216],[89.5036773677197,21.6880817406057],[89.5109024052605,21.6881027222031],[89.5021896363366,21.7545280462977],[89.5026626586225,21.7556552877461],[89.5031509396918,21.7565040576289],[89.504173279079,21.7587680818948],[89.5055313099047,21.7610893250939],[89.5059204097802,21.7618732448289],[89.5070571891447,21.7636299127332],[89.5077743528635,21.765079498276],[89.5100860585511,21.7713642117147],[89.5104904181082,21.7723407743158],[89.5109405513207,21.7731342312266],[89.5113449099795,21.7740402222887],[89.5116729729246,21.7753276820334],[89.5118255616571,21.7762584678491],[89.5119705200996,21.7767162321577],[89.5123138427264,21.7772922511432],[89.5125656117545,21.7782001487817],[89.512603758713,21.77903556833],[89.5131912227729,21.7822513574066],[89.5132369991231,21.7836627959635],[89.5130996700724,21.7853717801628],[89.5131454473209,21.788862228257],[89.5127792356206,21.7917728417957],[89.5122680672745,21.7938842773557],[89.5117721559152,21.7955112461821],[89.5112762463525,21.796783446915],[89.5099105843384,21.7997512822254],[89.5094375611542,21.801250457326],[89.5086822513751,21.802888869991],[89.5082244869743,21.8041496279458],[89.5075759886791,21.8056411739174],[89.5053253172269,21.8103580478844],[89.504226684821,21.8124999999542],[89.5031433103001,21.8154926299679],[89.5023498526642,21.8180370329153],[89.5019912721522,21.81834602271],[89.501281737825,21.8212680818252],[89.5004348753455,21.8236980438156],[89.5000152588015,21.8279762271224],[89.4999313363911,21.8305110926459],[89.4997100831332,21.8330135336635],[89.4994964601654,21.8343887329983],[89.4997100831332,21.8371543882573],[89.4996566773912,21.8411235801667],[89.4995193483405,21.8428688052323],[89.4995498659073,21.8439464567503],[89.4998321534005,21.8463916780591],[89.500526428046,21.8505229952575],[89.4557266228684,21.8510570527437],[89.4547653186149,21.8509883879881],[89.4497070319125,21.8496379849829],[89.4474868780272,21.84914207377],[89.4469223021424,21.8490962980461],[89.4460830699529,21.8491878503131],[89.444450379229,21.8489913942826],[89.4431991571923,21.8487243652639],[89.4422378538371,21.8486328127],[89.4375839239969,21.8488178246434],[89.4349136351024,21.8485755922135],[89.43016052317,21.8486728671103],[89.4299850462624,21.8486270904022],[89.4292602540501,21.8481330867334],[89.4289321902067,21.8481788627659],[89.4285964960732,21.8483619692506],[89.4262466434272,21.8506431576989],[89.424674987837,21.8526000966985],[89.4239730829015,21.853712081607],[89.4234466539754,21.8560276016894],[89.4229583738044,21.8585624692026],[89.422950745311,21.8589534762785],[89.4230651852883,21.8601093289056],[89.423316956113,21.8609256743573],[89.423942566233,21.8621997828904],[89.4246292105884,21.8630828853563],[89.4255752560585,21.8639221188934],[89.4266586305794,21.8644618988017],[89.4278869626444,21.8647861482667],[89.4315490715625,21.8654880520867],[89.4333648676874,21.8657093052122],[89.4369201660199,21.8659763341597],[89.4389038087624,21.8663139341737],[89.4437255861185,21.8673973079593],[89.4470138548429,21.8682746892811],[89.4504394544148,21.8698368073986],[89.4514770507887,21.8704929350274],[89.4518432606924,21.8706531522559],[89.4523925777937,21.8711128238525],[89.4533004763053,21.8721675869601],[89.4535369874482,21.872592924824],[89.4539260864254,21.8735904690301],[89.4540634163744,21.8742237093217],[89.4539642333839,21.8755302433586],[89.4537658683012,21.8760337831818],[89.4535064689831,21.8764114377169],[89.4530715936557,21.8766746519789],[89.4525680529047,21.8772048953713],[89.4516372680146,21.8779468543477],[89.4474182144001,21.8800983421718],[89.4427032467312,21.8819046020014],[89.4422149665603,21.882408141836],[89.4405288700945,21.88301467816],[89.4371643056563,21.8839378347345],[89.4355850215727,21.8846721647903],[89.4341354371482,21.8855514521509],[89.430839539032,21.8870296478603],[89.429420471276,21.8880138400346],[89.4279098508195,21.8893623346461],[89.4274673461004,21.8892593376289],[89.4250640868141,21.8916759477653],[89.4247970581043,21.8920669549777],[89.4240036013667,21.8926258080101],[89.4217529299145,21.8950443273606],[89.4214096072876,21.8952388762723],[89.4209899898454,21.8957424157035],[89.4197082520384,21.8980464942301],[89.4185409560054,21.89951324408],[89.4174804669647,21.9010467533716],[89.4133300778756,21.9056758881457],[89.4115676892893,21.9073467248464],[89.4111022945985,21.9079437263373],[89.4088363643629,21.9100608817546],[89.4083786008604,21.9105758667839],[89.4080352791319,21.9110240942911],[89.4078826886028,21.911415100096],[89.4075775147311,21.9116783139156],[89.4069900515696,21.9126167297349],[89.4062957760258,21.9133739467125],[89.4061737066568,21.9135894767011],[89.40583801432,21.9144611358803],[89.4056015022787,21.9155387868366],[89.4054565429379,21.9163990015931],[89.4055023183899,21.917259216154],[89.4055633553202,21.9176616672354],[89.4059295652238,21.9187850948554],[89.4063568111595,21.9198188776492],[89.4080429076253,21.9219551080192],[89.4102325439438,21.9253749839578],[89.4112014766907,21.9276123036665],[89.4115066532574,21.9291515353386],[89.4115066523591,21.929506302087],[89.4113693242066,21.9298953996813],[89.4111633297322,21.9301471696166],[89.4105453490038,21.9305591581711],[89.4097976677181,21.9308910370883],[89.4088745122198,21.9309597017102],[89.4080581664087,21.9308776849821],[89.4031600951355,21.9291496278716],[89.3987121588714,21.928499221805],[89.3975753804052,21.928142548399],[89.3953399659398,21.9268321982658],[89.3944015498614,21.926118849705],[89.3935623167735,21.9253158567338],[89.3928298951696,21.9244079575917],[89.3911972044458,21.9227428428586],[89.3905181885837,21.9224109649427],[89.3892288213851,21.9221668240662],[89.3884582519243,21.9221534728082],[89.3878021242374,21.9222335811703],[89.3870544429517,21.9226207727573],[89.3866958624397,21.9229316712989],[89.3858413696701,21.9241676327075],[89.384223938628,21.9278697967599],[89.3837203978769,21.9293842311193],[89.3832015992408,21.9302310942182],[89.3825988772959,21.9309768678605],[89.3821563716785,21.9311714168635],[89.3720779407406,21.9277286528627],[89.372207641298,21.9266338349963],[89.372467040616,21.9255332953292],[89.3726272578419,21.9252014147519],[89.3728637689848,21.9242954257454],[89.3730850222427,21.9230918887689],[89.3745422369572,21.9181976310367],[89.3748702999024,21.9168319697211],[89.3748702999024,21.9165000913619],[89.3752670291695,21.9154815673448],[89.3757705690222,21.9137477870086],[89.375907898073,21.9124870301931],[89.375907898073,21.911077499322],[89.3760147095569,21.909610747655],[89.3764343261008,21.9072132108189],[89.3766098030084,21.9056644431234],[89.3767852781194,21.9032325742429],[89.376594544225,21.9009857182051],[89.376350402792,21.8998374939001],[89.3760910043723,21.8991489407848],[89.37535858187,21.8981513969492],[89.3751831058607,21.8976440427479],[89.3745269781738,21.8965778347202],[89.3730545037776,21.8957614898453],[89.3717117308369,21.8944168091024],[89.3712615967261,21.8941059108421],[89.3670120228499,21.8915996548308],[89.3656463626324,21.8905982972177],[89.3650131222223,21.8902416230984],[89.3637237550237,21.8897228236205],[89.3618698119403,21.8890914917751],[89.3614349357146,21.8890552522088],[89.3600463873221,21.888662337898],[89.3573989857045,21.8876037589813],[89.3566741943905,21.8873958593076],[89.3538284303851,21.8871822360776],[89.3513030999331,21.8865242012982],[89.3507003788865,21.8864440920306],[89.3493957520061,21.8864631649157],[89.348693847969,21.8863944996835],[89.3460388178579,21.8859519947105],[89.3441619865995,21.8852157590205],[89.3386154179294,21.882373810332]]]}},{"type":"Feature","properties":{"wdpaid":4470,"name":"Char Kukri-Mukri","designation":"Wildlife Sanctuary","designation_type":"National","iucn_category":"IV","marine":true,"area_km2":32.455722,"status":"Designated","status_year":1981,"governance":"Federal or national ministry or agency","managing_authority":"Forest Department","iso3":"BGD"},"geometry":{"type":"Polygon","coordinates":[[[90.6544189448429,21.9761352543262],[90.6504516602564,21.9767456048415],[90.6464843747716,21.9780883789014],[90.6433715829547,21.9798583977206],[90.6409912109452,21.9809570307678],[90.6389770506359,21.9809570307678],[90.63635253899,21.9794311519235],[90.6330566399756,21.9752197273825],[90.6306152337307,21.971923827826],[90.6284179689187,21.968627930085],[90.6268920905771,21.9646606450743],[90.6260375978075,21.9595947268979],[90.6251220699043,21.9530029302611],[90.6237792969637,21.9486083979199],[90.623352051028,21.9444580077757],[90.6229248050923,21.9424438476093],[90.6224975591567,21.9400024412068],[90.6220703123227,21.9362792967382],[90.6220703123227,21.9327392579923],[90.6224975591567,21.9299316413598],[90.6224975591567,21.9232788092005],[90.6207275393821,21.9149780268255],[90.6185302727736,21.9088134773206],[90.6154785160904,21.9002075198329],[90.6132202152465,21.8962402338005],[90.6137084963158,21.8942871088318],[90.6145629881871,21.8922729490495],[90.6167602538973,21.8911743161178],[90.6220703114244,21.8911743161178],[90.6260375978075,21.8922729490495],[90.6290893553891,21.894042968934],[90.631530761634,21.8953857419498],[90.6350097660494,21.8973388668698],[90.6354980471188,21.8984374998069],[90.6372070308614,21.8973388668698],[90.6385498047003,21.8977661134162],[90.6420898442494,21.8984374998069],[90.643798827992,21.8988647463943],[90.6460571288359,21.8993530267594],[90.6477661116802,21.9002075198329],[90.6497802728878,21.9010620119508],[90.651062011593,21.9021606453616],[90.6539306637736,21.9048461908264],[90.6557006853448,21.9067993161217],[90.6567993159541,21.9088134773206],[90.6585693357287,21.9111938478618],[90.6605224609042,21.9136352542379],[90.6614379879092,21.9155883790443],[90.6632080076838,21.9171752930719],[90.664489746389,21.9180297850959],[90.6666870120993,21.9206542971696],[90.6682739246762,21.9228515616629],[90.6677856436069,21.9239501953594],[90.6682739255745,21.9246215816853],[90.6706542966857,21.9261474606497],[90.6739501948019,21.9288330079974],[90.6781616208214,21.9310302729074],[90.6816406252369,21.9336547852789],[90.6838989260808,21.9378051756964],[90.6856079098234,21.9415893546775],[90.687377929598,21.946411132887],[90.6887207034369,21.9490356447695],[90.6913452150828,21.9547729492422],[90.6921997078524,21.9578247071468],[90.693115233959,21.9600219732178],[90.694458007798,21.9627075199489],[90.6964111329735,21.9688720703502],[90.6981811518498,21.971923827826],[90.6983642581491,21.9732666016667],[90.6975097662778,21.9736938476874],[90.6950683591346,21.9739379884076],[90.6924438492853,21.9741210940887],[90.6913452141844,21.9752197273825],[90.6893920890089,21.9765625000457],[90.6851806638877,21.9765625000457],[90.6796875000613,21.9761352543262],[90.672424315562,21.9756469733577],[90.6660766598643,21.9756469733577],[90.6611938482728,21.9754638671451],[90.6544189448429,21.9761352543262]]]}},{"type":"Feature","properties":{"wdpaid":4476,"name":"Sundarban East","designation":"Wildlife Sanctuary","designation_type":"National","iucn_category":"Ib","marine":true,"area_km2":158.299757,"status":"Designated","status_year":1996,"governance":"Collaborative governance","managing_authority":"Forest Department","iso3":"BGD"},"geometry":{"type":"Polygon","coordinates":[[[89.7886657715826,22.0022239675964],[89.7876739497622,22.0018348698352],[89.7856521609596,22.0011997219681],[89.7847747800148,22.0011253351399],[89.7843856801394,22.0011596671426],[89.7839355460286,22.0013351441919],[89.7835540773415,22.0016250606897],[89.7831802371478,22.002458571796],[89.7829895023552,22.0031604755921],[89.7829284672215,22.0038852693047],[89.7829818720651,22.0051479331694],[89.7828903193646,22.0066890716762],[89.7826385494383,22.0079364776193],[89.7817306509267,22.009645462],[89.7806549075942,22.0112876888878],[89.780075072926,22.0117492672867],[89.7796096800319,22.0119400020605],[89.7790985107874,22.011890410994],[89.7787551872623,22.0117530816682],[89.777923583566,22.0105552667164],[89.7768936156855,22.0095043177227],[89.776428221893,22.0090999596445],[89.7748718259845,22.0080699919982],[89.7727432247997,22.006990432416],[89.770027159555,22.0059814452207],[89.7686920169044,22.0055885307306],[89.7661590570607,22.0053405757743],[89.7641220085764,22.0054550156803],[89.7625961311331,22.0054035184003],[89.7593002321186,22.0057125092953],[89.7560729976294,22.0063915248216],[89.7532424933058,22.0063495633664],[89.7536315922828,22.0057888026537],[89.7542572024029,22.0044994349666],[89.7544403078039,22.0038356779189],[89.7544326784122,22.0029411310291],[89.7538833622092,22.0002708428972],[89.7535781856426,21.9994010916487],[89.7536468501679,21.9991931912595],[89.7518463128266,21.9970474236825],[89.7513427738722,21.9965667717792],[89.7507095343604,21.9961299901404],[89.7496871949732,21.9956836701224],[89.7489624018626,21.9954547877734],[89.7477493276827,21.9952659598907],[89.7461318966406,21.9952659607235],[89.7448730470088,21.9950447081956],[89.7436676022206,21.9947338099581],[89.7414703374087,21.9939842228655],[89.7389602657401,21.9927272793972],[89.7384490955974,21.9919795991541],[89.7383346547218,21.9913825981006],[89.7383346547218,21.9900760637056],[89.7384643552791,21.9896068572692],[89.7390823360075,21.9887809747723],[89.7393264774404,21.9885635379645],[89.7406082143491,21.9877624512362],[89.7421798699392,21.986951828195],[89.7433547980589,21.9861164092274],[89.7436981197874,21.9856796262351],[89.7449951172761,21.9847774504145],[89.7464828486592,21.9834594722501],[89.7478637685583,21.9824638373571],[89.7486190801341,21.9816627503504],[89.7497100831483,21.9806900033207],[89.7503509520518,21.9799232476101],[89.7507247931438,21.9789581300166],[89.7508621203979,21.9779052733383],[89.7508773800796,21.9768486018622],[89.7506790158952,21.975688933898],[89.7501068106188,21.9745979308308],[89.7492065432956,21.9737701407704],[89.7470321657605,21.9724693290173],[89.7456207282945,21.9718799592795],[89.7437286382526,21.9704551692652],[89.743003845142,21.9700737003675],[89.7415161128606,21.9696140290804],[89.7402496338371,21.969276428121],[89.7332305907708,21.9679222106956],[89.7319564823555,21.9678440091893],[89.7279281617371,21.9678249363762],[89.7262725828381,21.9676666262632],[89.7222747806848,21.9666957852845],[89.7198715213984,21.9658756262157],[89.7190933234442,21.9654941558492],[89.7185516357346,21.9651012417171],[89.7173004145962,21.9637985227117],[89.7169036862274,21.9631710051127],[89.7165603636005,21.9624061576391],[89.7162246712637,21.9610710142597],[89.7161865234068,21.9600601192704],[89.7162704458173,21.9585037218498],[89.7165298460337,21.9565925599237],[89.7167587277849,21.9556102747543],[89.7202072146336,21.947034835875],[89.7216796881315,21.9438705441118],[89.7232055655748,21.9413108827392],[89.7239379880771,21.9403400417122],[89.725463867317,21.938541412098],[89.7259597777781,21.937711714635],[89.7270355229072,21.9367046349307],[89.7287673948249,21.9355773923213],[89.7293014522445,21.9351558680317],[89.7302780152814,21.9342079162883],[89.7309265126783,21.9334354391827],[89.7326736451761,21.9305839533277],[89.7329940787295,21.9297695149633],[89.7331695556371,21.9287910461238],[89.7330322265863,21.9272708888094],[89.7325515740104,21.9255828848892],[89.7310562132357,21.9224853521578],[89.7301406862307,21.9209613790185],[89.7290878292767,21.9198055261711],[89.719352721864,21.9107189178968],[89.7184143066839,21.9097518920102],[89.7178573601909,21.9090595238226],[89.717514037564,21.9083576202103],[89.7172164921857,21.9075241079919],[89.7167892462501,21.905818939178],[89.7166213987342,21.9042816156303],[89.7166366584159,21.9037322998245],[89.7167663580749,21.9031028736591],[89.7171630864438,21.9022979739425],[89.7177581780987,21.9016189577242],[89.7183074952,21.9012222290172],[89.7202072146336,21.9001178739733],[89.7227401726806,21.8980083473888],[89.7230072022887,21.8978385922792],[89.731231689245,21.8942508697524],[89.7322387698487,21.8936672206767],[89.73309326172,21.8930511473944],[89.7343063358999,21.8918685908064],[89.7347412112273,21.8912620537925],[89.7350845338541,21.8904685968077],[89.7355499267483,21.8886241910465],[89.7372436517075,21.8832550049372],[89.7380142211683,21.8797187800965],[89.7388458248645,21.8776130681517],[89.7393264783387,21.8767223362017],[89.7399673472422,21.8757877338684],[89.7420578005702,21.8736801148923],[89.7444305413914,21.8709888446355],[89.7452163687374,21.8698406222531],[89.7457962043038,21.8687152857789],[89.7466888431336,21.8664951316156],[89.7472152711615,21.8646965026548],[89.7473373414288,21.8637199397572],[89.74725341812,21.8612213128834],[89.7475128174381,21.8586177822807],[89.7479248045903,21.8564147946553],[89.7485885616689,21.8542575838239],[89.74909210242,21.8531055450024],[89.7496566774064,21.8521251683976],[89.7539672846197,21.8460922242049],[89.7551574706245,21.8441600796429],[89.7556686398689,21.8430213931236],[89.7566757195744,21.8399162294016],[89.7583084102982,21.8359718322576],[89.7586288456483,21.8338794702326],[89.7592849733351,21.832410811799],[89.7592315675932,21.8282814020053],[89.7700500486284,21.7887935636816],[89.7723236091541,21.789648054853],[89.793746949155,21.796249388658],[89.8216705317896,21.805332184224],[89.8379135130242,21.8104076391041],[89.861282348809,21.8197441100879],[89.8709716789731,21.8234806059518],[89.8946304316429,21.833080291631],[89.9010467527643,21.8362331389582],[89.9056777953277,21.840559006332],[89.9127426147443,21.8482990271786],[89.916633606312,21.8580875390471],[89.9180908210265,21.8676452641874],[89.9185714718058,21.8787956228958],[89.9181671140453,21.8905105591347],[89.9172210685752,21.8979263308535],[89.9170913689162,21.8999233250526],[89.9167175287225,21.9019966120219],[89.9167861941461,21.9027290337675],[89.9164123539524,21.9051017756246],[89.9162063603763,21.907360076659],[89.9156036384314,21.9116897576213],[89.9153366088233,21.9130649558207],[89.915161132814,21.9164581300201],[89.9144515993852,21.9204101557809],[89.9127120971774,21.9280834198247],[89.9114379878639,21.9322948461978],[89.9102706909326,21.9368171686305],[89.9084777838812,21.9430904386957],[89.9078140259042,21.9448852529313],[89.9074935905542,21.9463424682242],[89.9069366449595,21.9482059468708],[89.9011383063631,21.9660358427977],[89.8979187012657,21.9771499626851],[89.8953552238552,21.9883918759515],[89.8937683103799,21.9968242640431],[89.893424987753,21.9981060020578],[89.8927078240341,22.0032157891309],[89.8922882083885,22.0047550197008],[89.8912200917528,22.0101718901372],[89.8906326285912,22.0120182042513],[89.889541625577,22.0172748567566],[89.8887710570145,22.0203990929065],[89.8862991332028,22.0322322848297],[89.8849868769307,22.0393714905889],[89.8846664433772,22.0402202597476],[89.8841629026262,22.0421257020926],[89.8835906973498,22.0432777399651],[89.8832778931881,22.0442066193327],[89.882652283068,22.0468006132436],[89.8821640011004,22.0496692658363],[89.8815231312986,22.0519771567002],[89.8812561025888,22.0533084868185],[89.881042479621,22.0569362637546],[89.8457107540447,22.0557270042927],[89.8423614501866,22.0556716912805],[89.8402557362785,22.0557174679699],[89.8395919800983,22.05584525997],[89.8395614616331,22.0561695101092],[89.8371200562865,22.0561580647259],[89.8352508553181,22.0563030239706],[89.8317489636258,22.0570754999632],[89.8308258063308,22.0572166442783],[89.8301849374273,22.057540892938],[89.8298645020772,22.0561676018516],[89.8292999261926,22.0547714230903],[89.8291397089667,22.0541763301492],[89.8287277218144,22.0512771608499],[89.8286743169708,22.0504512781057],[89.8286132800405,22.0472640991775],[89.8284835812798,22.0461864469761],[89.8285369870218,22.0451431270609],[89.8286895748559,22.0436992653993],[89.8289337153905,22.0428714749435],[89.8293380740494,22.0400276179433],[89.8300399780865,22.0379810331122],[89.8306732175983,22.0370616912647],[89.8308944699578,22.0366020197672],[89.8315277103679,22.0358638763177],[89.8319473269119,22.0354156496581],[89.8327178963727,22.0347709646931],[89.8338165287787,22.0335960381057],[89.8344955437424,22.0331096637085],[89.8360137935906,22.0317630763678],[89.8364181522494,22.0312442778957],[89.8371124268948,22.0306816096762],[89.838317871683,22.0298709863862],[89.8392333977897,22.0291213994105],[89.8395767213148,22.0289268488666],[89.8406295782689,22.0279464717417],[89.8414840701401,22.0269222263133],[89.8418121330853,22.0262317655947],[89.8421707162922,22.0258293147867],[89.8424530028871,22.0253696442957],[89.8433227544401,22.0231533054008],[89.843605041035,22.0226802827496],[89.8445053101549,22.0201320647686],[89.8448028564314,22.0190048206468],[89.8451309202749,22.0160293576879],[89.8450546263578,22.0156116482679],[89.8451538075517,22.0146923061101],[89.8451461790583,22.0135917673409],[89.8450469969661,22.013065337748],[89.845024108791,22.01217269882],[89.8436508182835,22.0121707908021],[89.8417434685599,22.0111312869882],[89.8391952508311,22.0107936848619],[89.8378601081805,22.0104694357194],[89.836845398185,22.0101299281354],[89.8323745719492,22.0092792513085],[89.8295593264089,22.0081748960053],[89.827713011819,22.0079631798388],[89.824836731145,22.0067443838384],[89.821945189891,22.0057430273099],[89.8183975218485,22.0042495733126],[89.8165893551154,22.0036449430677],[89.8147354129304,22.0029144286965],[89.8133544921329,22.0022335050237],[89.8119201655934,22.0038852693047],[89.8113327024319,22.0047359468506],[89.8110275267636,22.0054016111242],[89.8108444213626,22.0055198671959],[89.8098831180074,22.0052757258425],[89.8097457880583,22.0049571992507],[89.8095321659888,22.0047988889122],[89.8090209958461,22.0045833589596],[89.8083953848277,22.0044460300505],[89.8061065682136,22.0045852662468],[89.8034362793192,22.0045661933738],[89.8015136717104,22.0044136036344],[89.800689697406,22.0044155117567],[89.7964859007782,22.0040168760397],[89.791763304616,22.0033206942313],[89.7893142698777,22.0025997155921],[89.7888946533338,22.0024166108426],[89.7886657715826,22.0022239675964]]]}},{"type":"Feature","properties":{"wdpaid":4478,"name":"Sundarban West","designation":"Wildlife Sanctuary","designation_type":"National","iucn_category":"Ib","marine":true,"area_km2":339.767534,"status":"Designated","status_year":1996,"governance":"Collaborative governance","managing_authority":"Forest Department","iso3":"BGD"},"geometry":{"type":"Polygon","coordinates":[[[89.0848922729641,21.9551010132444],[89.0843811037197,21.9534034730865],[89.0823822030922,21.9480628967723],[89.0811843867974,21.943874358651],[89.079574585147,21.9400615689944],[89.0733947769652,21.9310073852707],[89.0727157593066,21.9297542569596],[89.068244933969,21.927446366315],[89.0572662357079,21.9254798890529],[89.0511474608631,21.9254455562576],[89.0438156127368,21.924644470349],[89.0413818358836,21.9242534642009],[89.0377120966754,21.924230574641],[89.0369033811544,21.9234638218435],[89.0340652456423,21.9219264978986],[89.0320281989546,21.9203891748542],[89.0296325681617,21.9146728522354],[89.0292358397929,21.9123878477677],[89.0284881594054,21.9032573691571],[89.028518676074,21.8986892703467],[89.0297698981107,21.8945159907002],[89.0314178458213,21.8907241807132],[89.0347137448358,21.8854122160573],[89.0363616943431,21.8823814393705],[89.0388336181548,21.8782157902242],[89.0433502198426,21.8729133602223],[89.0466384885671,21.8679866793273],[89.0462570189817,21.8653221132682],[89.0470886226778,21.8619098656548],[89.0467071530924,21.8584823609137],[89.0471572881015,21.8516349788231],[89.0471801762766,21.8482170095874],[89.0468292233598,21.840223311643],[89.0446090703727,21.8324356081763],[89.0417861936441,21.8238468160665],[89.0387878409062,21.8171901701522],[89.0367965696704,21.811487198195],[89.0358276369235,21.8038978584037],[89.0348510747849,21.7982006068072],[89.0349349980937,21.7858715050911],[89.035980225656,21.7811374657732],[89.0390624999061,21.7754650107022],[89.0421600347361,21.7678947448046],[89.0452346795945,21.7641181936542],[89.0472946171523,21.7593898772415],[89.0524063113933,21.7537288663828],[89.0585403441232,21.7471256248174],[89.0656814583551,21.7414741509496],[89.0708007801912,21.7348670958561],[89.0769348138194,21.7282619467476],[89.083084106231,21.7188110346741],[89.0882186886472,21.7093563084173],[89.0923233031827,21.7027416221462],[89.097419737742,21.6989746090928],[89.1015167237842,21.692359924095],[89.1076583859057,21.6838569632714],[89.111770629833,21.6753444673309],[89.1169052131474,21.6658859263873],[89.1200180049643,21.653573988827],[89.1231460582596,21.6403160090706],[89.1303634637137,21.6213836666941],[89.1317596432945,21.6185741416433],[89.3250045768341,21.65686798071],[89.3207244871876,21.7432193750971],[89.3200759888924,21.7488842011521],[89.3202285758282,21.7503261568372],[89.3199920646853,21.7515659332037],[89.3200378419338,21.7528057097133],[89.3201751709846,21.753961563386],[89.320060730109,21.7555694567576],[89.3202667236851,21.757116317299],[89.3201141358509,21.7582530971825],[89.3200683586024,21.7617282868654],[89.3202514649017,21.7639636987704],[89.3201751709846,21.7646408076592],[89.3200225831504,21.7651557919781],[89.3200759879941,21.7657413480656],[89.3199386589433,21.7666015628542],[89.3199691774085,21.7671852109202],[89.3197250368738,21.7692508702669],[89.3198089592843,21.7696170796991],[89.3198165895743,21.7701911917415],[89.319458008164,21.7716350556998],[89.3183212279012,21.7741432180587],[89.3178176880485,21.7755088796011],[89.3175735466155,21.7758750914105],[89.317543029947,21.7763328552743],[89.3173370363709,21.7764034269829],[89.3163986202925,21.7783164979284],[89.3158798216563,21.7791633602765],[89.3154144287621,21.7797126769891],[89.3144760126838,21.7810649869488],[89.3135757435639,21.781944275089],[89.3115463262679,21.7844886783945],[89.3108139037656,21.7852897640412],[89.3093872084145,21.7865924836781],[89.3077239992255,21.7882995611386],[89.3074951165759,21.7887344349459],[89.30607604882,21.7902927399931],[89.3051300051464,21.7914943685933],[89.3041992193581,21.7933731079942],[89.3034515380724,21.7944717413503],[89.3030624390953,21.7952060689992],[89.3030395509202,21.7955055225937],[89.3027572634269,21.7963047016471],[89.3017578122149,21.7982883448563],[89.3012390135787,21.7996158601643],[89.3007812500762,21.8004779810984],[89.3000183109054,21.8016433709726],[89.2988586415692,21.8039951319904],[89.2985229492324,21.8049468988568],[89.2970047002825,21.8074417110135],[89.2965545661717,21.8080024722682],[89.2959365854433,21.8085632321609],[89.2948532091259,21.8099956513995],[89.2940521229965,21.8108406068112],[89.2935791016089,21.8112297060836],[89.2920761114425,21.8130397797173],[89.2903823846866,21.8149185184117],[89.2880783083908,21.8172855382553],[89.2854156488881,21.8197803488943],[89.2841491698645,21.8219680778221],[89.2829589847581,21.8244209293327],[89.2820205686797,21.8258419044021],[89.2817230233014,21.8264369969031],[89.2803115858354,21.8285217291544],[89.2798767087114,21.8300437928341],[89.2791213989323,21.831338882211],[89.2788619987159,21.8319339751922],[89.2783203119047,21.8337669370083],[89.2779998783513,21.8377132411283],[89.278129577112,21.8387680048879],[89.2786025993979,21.8412342072962],[89.2789077759645,21.8422222130898],[89.2795944221166,21.8439216607016],[89.28022766073,21.8452758790375],[89.2812957746708,21.8472843168407],[89.2821502683387,21.8491897580162],[89.2822418210392,21.850248336678],[89.282508849749,21.851877211903],[89.2825775151727,21.8534469598856],[89.2824935918639,21.854030609218],[89.2825164791407,21.8546867369395],[89.2820281989697,21.857734679717],[89.2815399170021,21.8601646422184],[89.2813949576613,21.8604297639772],[89.2809753411174,21.8619308468507],[89.2802429204117,21.8636150358947],[89.2799301135551,21.8643131263013],[89.2789611808082,21.8652877809886],[89.2787399293469,21.8657455448724],[89.2762832643186,21.8690757752364],[89.2756042475583,21.8703823088797],[89.2755279536412,21.8706588753385],[89.2755661005998,21.8714256287815],[89.2754516597241,21.8717021940524],[89.2751922613044,21.8740062707981],[89.2752151485812,21.8750972748174],[89.2754287724473,21.8761978147103],[89.2758407587013,21.8775062563374],[89.2768096923465,21.8795032497417],[89.2774963376002,21.8805370332294],[89.2786331160664,21.8819389336184],[89.2876434339618,21.8914890292115],[89.2880935671742,21.8923969272749],[89.2887496948611,21.8933963768138],[89.2893829352712,21.8947181703785],[89.2909469605714,21.8966007228892],[89.2913284301568,21.897129059325],[89.2914123525672,21.8973941807547],[89.2917251594239,21.8977718354111],[89.2931976320235,21.9013786310591],[89.2940063466463,21.9028587338581],[89.2941436765953,21.9036273953788],[89.2942504880792,21.9049339292542],[89.2940979002451,21.9057140346016],[89.2930984499313,21.9080047610239],[89.2927398676227,21.908428191776],[89.2924804683047,21.9088764193732],[89.2915954588665,21.9099292746614],[89.2914581298158,21.9102382656878],[89.290138244152,21.9114971163685],[89.2883758546674,21.9122962952112],[89.2844696043163,21.9132728580584],[89.2838745117631,21.9133872987936],[89.282196044689,21.9135093676431],[89.279182434066,21.9134578712012],[89.2770919798397,21.9132003787118],[89.2740478516498,21.9124259940932],[89.2729644780273,21.912054062191],[89.2711334231191,21.9115810386294],[89.2697448729299,21.9113368983541],[89.2676544187036,21.9106445312027],[89.2662277215559,21.9105262753312],[89.2653121954492,21.9106159196432],[89.2619628897944,21.9115924840098],[89.2590942376139,21.9132251727247],[89.2579574582494,21.9142913820364],[89.2560577397141,21.916339873975],[89.2540206912297,21.9206581106645],[89.2536010737875,21.9224472051934],[89.2522582999486,21.9262981419746],[89.2517013552522,21.9270877836093],[89.2512969965934,21.9280147546484],[89.2509384160814,21.9283466336659],[89.2498550406622,21.9296627039031],[89.2482528684035,21.9310016629443],[89.2479324339518,21.9311962127467],[89.2477340697674,21.931297302008],[89.2474365243891,21.9313201895981],[89.2452392568822,21.9321804048278],[89.2442779544253,21.9324436185912],[89.2411499038251,21.9344902027563],[89.2388153090641,21.9355754849405],[89.2377166748615,21.936220169045],[89.2369537356907,21.9367618558908],[89.2358398427047,21.9373569491794],[89.2356262197369,21.9371833795885],[89.2311325089192,21.935520171718],[89.2300033571497,21.9351978296949],[89.2294540400484,21.934940338195],[89.2268371577943,21.9329509729979],[89.2259445189644,21.9321155548162],[89.2248382571668,21.9304180136077],[89.2245712275587,21.9301166528553],[89.224075317996,21.928953171135],[89.2238769529132,21.9281826021505],[89.2238235471713,21.9278736117282],[89.2238616950281,21.9266929616728],[89.2239150998718,21.9265327449225],[89.2242584216003,21.9262275700976],[89.2249679568258,21.9258899677737],[89.2258300780888,21.9256229401944],[89.2288055417533,21.9248046867247],[89.2309494017216,21.9243011466748],[89.2316131588001,21.9239978787683],[89.2320861819844,21.9236240378813],[89.2325515748785,21.9228038787034],[89.2325439445885,21.9225177756112],[89.2324218752195,21.9215526582391],[89.2321395877263,21.9202995300269],[89.2320098880673,21.9198722827157],[89.231826781768,21.9196071622776],[89.2138977049659,21.9198760978982],[89.2128753655787,21.9196929931869],[89.2120285030991,21.9197883603403],[89.211402892979,21.9197483058936],[89.2104339602321,21.9195899972563],[89.20912170396,21.9191036221789],[89.2080764781944,21.9182910924125],[89.2072525029916,21.9174098960522],[89.2067947385908,21.9167785643477],[89.2060089112449,21.9171447751964],[89.20420074541,21.9177570340824],[89.2024002071703,21.9181613922046],[89.200866699437,21.9184093468373],[89.1952056880947,21.919059754002],[89.1904296879872,21.9193992617867],[89.1875534064149,21.9194259639844],[89.1842498780087,21.9199180598996],[89.1798324566165,21.9202251433364],[89.1758728032183,21.9200458525853],[89.1744918833192,21.9198684691998],[89.1729812619644,21.9195785516853],[89.1713867190974,21.9194698328818],[89.1678237922715,21.9190406788121],[89.1654281605802,21.9188652042793],[89.1636428829205,21.9189033513701],[89.1606521613709,21.9191455844079],[89.1576156616745,21.9190559379642],[89.1565780644022,21.919721602923],[89.1550521851623,21.9204158776997],[89.1546325686184,21.9205379488582],[89.1534576422953,21.9205589289295],[89.1531066893785,21.920726776056],[89.1521453851249,21.9210033407],[89.1515884404285,21.9213180537508],[89.1500625611886,21.9225292201125],[89.1495590213359,21.9230155943215],[89.1485366819487,21.9235668183051],[89.1473922731925,21.9246902459986],[89.1461029050955,21.9260177609321],[89.1445007310402,21.9283733366854],[89.1440353399427,21.9293441768727],[89.1438217160765,21.9296398160465],[89.1434860228414,21.9319190980075],[89.1429061881732,21.9328880299211],[89.1425857537215,21.9338836672217],[89.1422882083432,21.9354038230592],[89.1421966547444,21.9364128110088],[89.1417160030668,21.9385051717793],[89.1392745968219,21.9478263846162],[89.1392898556053,21.9481945027683],[89.1391754147297,21.9490184782988],[89.1392135625866,21.9495925903419],[89.1391296383794,21.9501514425844],[89.1346206660834,21.9487457266903],[89.1337890632855,21.948427199895],[89.1330032350413,21.9480342860687],[89.1324996942902,21.9473323821697],[89.1316833493774,21.9472160340079],[89.1307754517642,21.9472084042754],[89.1300659183354,21.9466991418291],[89.128944396856,21.9453983297063],[89.1281433107266,21.945024490052],[89.1272583003902,21.944877623907],[89.1263275137035,21.9449443820219],[89.1256103517813,21.9453563693858],[89.1251831058456,21.9461269378404],[89.12506866497,21.9469356541938],[89.1250915531451,21.9486236572342],[89.1252441409793,21.9494400023314],[89.1257553102237,21.950103759609],[89.1265487669613,21.9504852287971],[89.1282424919205,21.9511051178982],[89.1289672850311,21.9515285487432],[89.129318237948,21.9523105616795],[89.1298828120361,21.9529342646159],[89.1301574710358,21.9545841214063],[89.130538939723,21.9562110896289],[89.1313476561423,21.9585876472146],[89.131538390935,21.9602432253459],[89.1320266720043,21.9618473052599],[89.1316604612023,21.9634876251849],[89.1311492919579,21.9641284937033],[89.1303558361186,21.9645309438221],[89.1294708257821,21.9646911619206],[89.1285858154457,21.9646072393278],[89.126060485892,21.963748930647],[89.1253051761129,21.9633426667957],[89.1240539558728,21.9621410356585],[89.1235046378732,21.9614849094076],[89.1230239861956,21.9607639306826],[89.1224517818175,21.9601612088431],[89.1215820311628,21.9598941797846],[89.1209411622593,21.9593639376184],[89.1193542478857,21.9573402398979],[89.1175842281111,21.9541378015845],[89.1178741449961,21.9539413452],[89.1183700563554,21.9533634181049],[89.1180114749451,21.9517517079264],[89.1170959461435,21.9507961272739],[89.1116943359159,21.945728300923],[89.1103897090355,21.9447650907516],[89.1053848271768,21.9417476646744],[89.1033630365775,21.9410610198682],[89.1006927485814,21.9398574821987],[89.0996475219174,21.9399223328477],[89.0992202759817,21.9404182433534],[89.0985488877148,21.9441280361112],[89.0980453487604,21.9461746213163],[89.0977859503406,21.9483051301655],[89.0967864991285,21.9513549797844],[89.0966873170363,21.9513301840826],[89.0964736940685,21.9514522553807],[89.0959014887921,21.9522457116809],[89.0956268306906,21.9524536133364],[89.0951995847549,21.9526214603303],[89.0930938717452,21.9530982967506],[89.0920791617497,21.9532470698796],[89.0903091437718,21.9533138273975],[89.0895767212695,21.953413008795],[89.0862121586279,21.9544486987383],[89.0848922729641,21.9551010132444]]]}},{"type":"Feature","properties":{"wdpaid":555576102,"name":"Kuakata","designation":"National Park","designation_type":"National","iucn_category":"II","marine":true,"area_km2":2.380548,"status":"Designated","status_year":2010,"governance":"Federal or national ministry or agency","managing_authority":"Forest Department","iso3":"BGD"},"geometry":{"type":"MultiPolygon","coordinates":[[[[90.2181706710326,21.8203813151278],[90.2162495725936,21.822006857929],[90.2140609882022,21.8233296809285],[90.2112251676487,21.8234846246904],[90.2075307508214,21.8225979651307],[90.2041318878073,21.8203813151278],[90.2010285777083,21.8184602176489],[90.1976105697989,21.8156051367017],[90.1933191568882,21.8143177127176],[90.1895999321859,21.8134594297446],[90.1867389902455,21.8133163829162],[90.1844775920105,21.812992482068],[90.1819653886397,21.8119580447432],[90.1801588227045,21.8097402049496],[90.1750091261337,21.8087388756585],[90.1691441954253,21.8093110637291],[90.1638514520269,21.8090249699796],[90.1592739436646,21.8090249699796],[90.1521215879152,21.8098832528492],[90.1498328350814,21.8090249699796],[90.1458275158258,21.8088819228905],[90.1429665729871,21.8091680169258],[90.1385321132489,21.8105984877018],[90.1388182069039,21.8080236398569],[90.1413930551893,21.8070223102381],[90.1447256701461,21.8057514248096],[90.1491175991472,21.8045905088234],[90.1518354942601,21.8038752739875],[90.1544103407489,21.803446131872],[90.1574143322118,21.8028739437207],[90.159560038218,21.8024448027752],[90.1617199861147,21.8020570091255],[90.1643799659429,21.8016136791452],[90.1667443919578,21.8011703486267],[90.1682221592277,21.8004314649944],[90.171177691971,21.7995448052765],[90.1745765549851,21.7995448052765],[90.1766454289833,21.8005792421926],[90.178862079439,21.7980670391178],[90.1835909323672,21.7973281553267],[90.1874331247538,21.7979192618303],[90.1892064449387,21.7995448052765],[90.1915708718519,21.8013181250626],[90.1956079106202,21.801729567233],[90.1990410407691,21.8021587078192],[90.2021880781612,21.8024448027752],[90.2050490201017,21.8031600380821],[90.2090543393573,21.8035891802208],[90.2123444226786,21.8041613680169],[90.2122013758511,21.8063070750368],[90.2110569994343,21.8080236398569],[90.2082696340072,21.8081158522751],[90.2059052079923,21.807968075347],[90.203540781079,21.8087069576285],[90.2017674608941,21.8088547346281],[90.2019152382499,21.8103325020736],[90.2030974508082,21.8116624919935],[90.2047229954339,21.8132880354079],[90.2059052079923,21.8143224722962],[90.2073829743638,21.8152091322552],[90.2100550482108,21.8161809518246],[90.2115207205637,21.8160957917259],[90.2109139517084,21.8200395977813],[90.2127029340203,21.8194946546858],[90.2153629138486,21.8172780049831],[90.2174317869485,21.8180168875842],[90.2181706710326,21.8203813151278]]],[[[90.090343858328,21.839887833798],[90.0918216246997,21.8426955908708],[90.0931516146138,21.8441733573225],[90.0943338280704,21.848015551131],[90.0958115953403,21.8508233069548],[90.0969054037932,21.8541134197105],[90.0976206379309,21.8566882683041],[90.0984715742703,21.8583599173034],[90.0983358738651,21.8601213978729],[90.0997663448354,21.8606935871432],[90.0990511089011,21.8621240577922],[90.0981760195586,21.8645665369266],[90.0975849137287,21.8663398568143],[90.0962549238145,21.8682609528193],[90.0937427213421,21.8688520596606],[90.0919694011572,21.8660443030839],[90.090343858328,21.8635321000198],[90.0891616448714,21.8620543328734],[90.0876838776015,21.8605765671087],[90.0866494406024,21.8589510242806],[90.0851716751291,21.857473257253],[90.0839894616724,21.8555521603547],[90.0831028020292,21.8530399569861],[90.0826594717583,21.8505277536314],[90.0829550246733,21.8487544341938],[90.0835461322999,21.8466855606621],[90.0841372372316,21.8446166871971],[90.0847283448583,21.8419567073356],[90.0863538876874,21.8390011741937],[90.0888660910581,21.8382622907418],[90.090343858328,21.839887833798]]]]}},{"type":"Feature","properties":{"wdpaid":555576098,"name":"Tengragiri","designation":"Wildlife Sanctuary","designation_type":"National","iucn_category":"II","marine":true,"area_km2":6.63696,"status":"Designated","status_year":2010,"governance":"Federal or national ministry or agency","managing_authority":"Forest Department","iso3":"BGD"},"geometry":{"type":"Polygon","coordinates":[[[90.09759521471,21.8964843749364],[90.0962524408711,21.8982543950443],[90.0955810552991,21.9004516600082],[90.0938110346262,21.9019775387144],[90.0914306653116,21.9037475589496],[90.090087889676,21.9044189446676],[90.0861206050896,21.9055175780358],[90.0812988277335,21.9057006843016],[90.0788574223869,21.9046020506783],[90.0758056648054,21.9026489261038],[90.0733642576622,21.9006347661155],[90.0714111333849,21.8984374998069],[90.0703124991823,21.8975830077912],[90.0682983397714,21.8958129876819],[90.0661010740612,21.8947143553558],[90.0632324218807,21.8937988277847],[90.0614624021061,21.89318847725],[90.0603637705984,21.8933715818512],[90.0588378913585,21.89318847725],[90.0573120130169,21.892700194941],[90.0551147464084,21.8911743161178],[90.0535888671684,21.8905029296974],[90.0522460942278,21.8916015619672],[90.0507202149879,21.89318847725],[90.048278808743,21.8944702153561],[90.0458984367335,21.8951416022664],[90.0427856449166,21.8958129876819],[90.0381469729615,21.8966674803057],[90.0352783198827,21.8966674803057],[90.0322265623011,21.8964843749364],[90.0297851560562,21.8955688478966],[90.0269775390094,21.8942871088318],[90.0236206048612,21.892700194941],[90.0231933589256,21.8914184567599],[90.0227661129899,21.8900756838905],[90.0231933589256,21.8861083976668],[90.0245361327645,21.8841552731277],[90.0271606453087,21.8806152343631],[90.0302734371256,21.8775634769027],[90.0330810550707,21.8749389649349],[90.0361938477859,21.8726806639235],[90.0390624999665,21.870971679595],[90.0412597647784,21.8687744139756],[90.0447387691939,21.8665771478824],[90.048095703342,21.8649902342189],[90.0513916023565,21.8626098627507],[90.0559692382797,21.8594970700894],[90.0700683586477,21.8498535162337],[90.0747070306028,21.8458862301861],[90.0802001953275,21.8423461905952],[90.0839233402777,21.8399047849417],[90.0861206050896,21.8392944341012],[90.0881347662971,21.8392944341012],[90.0887451176338,21.8399047849417],[90.0887451167354,21.8419189449058],[90.0894165032058,21.8430175783866],[90.0920410157499,21.8452148441962],[90.0933837895889,21.8467407232518],[90.0947265607329,21.8491821288714],[90.0958251949354,21.8513793949516],[90.0966796868067,21.8537597659955],[90.0986938480143,21.8564453121884],[90.0997924804202,21.8572998046369],[90.1006469731898,21.8577270510285],[90.1004028317569,21.8601684573312],[90.0995483398856,21.8615112298495],[90.0986938480143,21.8637084963702],[90.097778320111,21.8671874997252],[90.0966796859084,21.8687744139756],[90.0925292968192,21.870971679595],[90.0907592770447,21.873352050861],[90.0925292968192,21.8757934567451],[90.0962524408711,21.8795166016612],[90.1010742191255,21.8841552731277],[90.1030883794347,21.8867797847708],[90.1059570307169,21.8918457027112],[90.1079101549942,21.8944702153561],[90.1090087891968,21.8969116207099],[90.1083374027265,21.8982543950443],[90.1063842757543,21.8975830077912],[90.104858398311,21.8973388668698],[90.1024169920661,21.8958129876819],[90.0997924804202,21.8955688478966],[90.09759521471,21.8964843749364]]]}},{"type":"Feature","properties":{"wdpaid":555576109,"name":"Sonarchar","designation":"Wildlife Sanctuary","designation_type":"National","iucn_category":"II","marine":true,"area_km2":15.049766,"status":"Designated","status_year":2011,"governance":"Federal or national ministry or agency","managing_authority":"Forest Department","iso3":"BGD"},"geometry":{"type":"Polygon","coordinates":[[[90.4893306043462,21.8495357872471],[90.4852622332391,21.8465896902019],[90.4826266669253,21.842936760137],[90.4800066773986,21.8383794141044],[90.4791064109737,21.8354245516523],[90.4789160543717,21.8330450910393],[90.4785529795883,21.829367238141],[90.4775835563613,21.826382600357],[90.4775835563613,21.8242886753611],[90.4784336734371,21.8221208139405],[90.4811525225609,21.8185653981708],[90.4842242838272,21.815872417713],[90.4883205305558,21.814574053375],[90.491574787267,21.8140094031034],[90.4937638908846,21.8137238683441],[90.4968096010076,21.8136286888524],[90.4991890621255,21.8135335109655],[90.5021395939475,21.814104582342],[90.5037576268609,21.8147708310698],[90.5039479843611,21.8162936856934],[90.5033769136569,21.8182924328694],[90.5048045899683,21.819529752699],[90.5063274445807,21.8208622507527],[90.5080406566933,21.8221947489077],[90.5100394037089,21.8237176037586],[90.5119429733218,21.8245742098907],[90.5139417203374,21.8258115296072],[90.5153693966488,21.8269536713288],[90.5171777870624,21.8282861686247],[90.5192717132773,21.8293331323828],[90.5213656385939,21.8309511660055],[90.5227933149052,21.8324740210385],[90.524125813814,21.8339968756995],[90.5252679552224,21.8359004443604],[90.5258390250283,21.8375184778937],[90.525363132625,21.8395172253762],[90.5243161704159,21.8409449020752],[90.5223174234003,21.8422773999155],[90.5201283188844,21.8424677574034],[90.5151206863843,21.8422545013669],[90.5170826087614,21.8433243629624],[90.5207945678897,21.8441809692245],[90.5240306364113,21.8456086452032],[90.526981167335,21.8479881059932],[90.5293606275546,21.8498916751149],[90.5322159810756,21.8527470279394],[90.5339291931883,21.8544602399236],[90.536594189209,21.8569348799613],[90.5343099063922,21.8585529129708],[90.5318352669733,21.8593143413813],[90.5289799152489,21.8600757682336],[90.5261245599312,21.8609323741134],[90.5227933149052,21.8614082660866],[90.5194620698793,21.8615034446244],[90.5167018946592,21.8613130883191],[90.5138465411381,21.8614082660866],[90.5115622592196,21.8613130883191],[90.5088020839995,21.8612179096544],[90.5066129803819,21.8608371960286],[90.5044238749677,21.8605516597265],[90.5011878091411,21.8599805904117],[90.4987131697222,21.8583625560676],[90.4966192444057,21.8566493441949],[90.4948108539921,21.854936131784],[90.4926977280846,21.8523712693287],[90.4893306043462,21.8495357872471]]]}},{"type":"Feature","properties":{"wdpaid":145580,"name":"The Sundarbans","designation":"World Heritage Site (natural or mixed)","designation_type":"International","iucn_category":"Not Applicable","marine":true,"area_km2":738.142333,"status":"Inscribed","status_year":1997,"governance":"Collaborative governance","managing_authority":"Forest Department","iso3":"BGD"},"geometry":{"type":"MultiPolygon","coordinates":[[[[89.1436522336268,21.9434331920974],[89.1343723367045,21.9441470312813],[89.1365138511716,21.9548546047601],[89.1329446603932,21.9591376352735],[89.1229509244169,21.9527130902596],[89.1200955708958,21.9448608693817],[89.1058188041888,21.9370086473703],[89.1043911278774,21.9441470312813],[89.0943973919012,21.9477162217777],[89.0879728467034,21.9455747072317],[89.0794067870385,21.936294809025],[89.072982242739,21.927728750362],[89.0558501234092,21.9227318808878],[89.0430010339118,21.9198765279188],[89.0322934588816,21.9120243066301],[89.0308657825702,21.8941783490562],[89.0494255791097,21.8720493616976],[89.0529947698881,21.8534895659232],[89.0508532554211,21.8327882547915],[89.0408595194448,21.8070900769995],[89.0415733567022,21.7735396761255],[89.0701268892179,21.7321370551922],[89.0836898168709,21.7207156421231],[89.0965389072666,21.6964451399293],[89.1043911278774,21.6907344326883],[89.1179540564288,21.6643224161763],[89.1386553656387,21.6136398973679],[89.5091374447976,21.685023726921],[89.5084236066419,21.7264263481544],[89.5041405768094,21.748555336225],[89.5077097675879,21.7664012926704],[89.5141343127857,21.7735396761255],[89.512706635576,21.7835334130963],[89.5112789601629,21.7970963402405],[89.5005713851327,21.8149422978559],[89.499857546977,21.8449235066959],[89.4263322016697,21.8434958297101],[89.4249045253584,21.8520618903065],[89.4284737170351,21.8613417881397],[89.4391812911671,21.8627694643795],[89.4570272486526,21.8684801708183],[89.4456058363649,21.8770462302025],[89.434184423179,21.8806154219238],[89.4092000832383,21.9091689539929],[89.4092000832383,21.9184488516288],[89.4149107893821,21.9255872349229],[89.395637154687,21.9263010728159],[89.395637154687,21.9227318808878],[89.3913541248545,21.9177350126994],[89.3863572568664,21.9263010728159],[89.3720804910577,21.9241595583977],[89.3763635208901,21.9141658218835],[89.3777911972015,21.9013167317141],[89.3777911972015,21.8934645110514],[89.3735081682674,21.8877538050567],[89.3528068572608,21.8820430979526],[89.3442407966976,21.8770462302025],[89.330677869943,21.8777600678534],[89.3271086782662,21.863483301732],[89.3199702949127,21.8542034038008],[89.3156872650802,21.8427819917064],[89.3142595887688,21.8320744166945],[89.3142595887688,21.8227945191385],[89.3135457497149,21.8113731061139],[89.3064073672597,21.8028070473875],[89.2992689839062,21.8020932082038],[89.2849922180974,21.8170838127171],[89.280709188265,21.8270775486599],[89.2799953501093,21.8506342129303],[89.2799953501093,21.8620556259595],[89.280709188265,21.8741908772346],[89.2835645417861,21.8777600678534],[89.2964136312834,21.8977475413112],[89.2956997931277,21.9084551152254],[89.2799953501093,21.9098827916838],[89.2700016141331,21.9070274386286],[89.2614355535699,21.9070274386286],[89.2578663627914,21.9170211751921],[89.2514418175936,21.9270149112957],[89.2378788899406,21.9334394556588],[89.2335958601081,21.9284425883481],[89.2321681837967,21.9177350126994],[89.2136083881556,21.9148796603689],[89.201473136814,21.9134519839875],[89.1914794008377,21.9163073366066],[89.1829133411728,21.9184488516288],[89.1714919279869,21.9155934977765],[89.1607843538549,21.9155934977765],[89.1557874858668,21.9177350126994],[89.1457937489922,21.9227318808878],[89.1436522336268,21.9434331920974]]],[[[89.8862326291256,21.997829466661],[89.8820717153746,22.0299279466268],[89.875533136238,22.0495436838368],[89.8267909998759,22.0495436838368],[89.8196580037192,22.0376553581997],[89.8380849088854,22.0216061176014],[89.841651407413,22.0138787072524],[89.8368960766418,22.0019903808025],[89.8077696776896,22.0002071317227],[89.7845874426505,21.9984238827072],[89.7822097772649,21.997829466661],[89.7744823658847,22.0085289598861],[89.7709158682554,22.0031792130016],[89.7619996228349,22.0019903808025],[89.7513001299473,22.0002071317227],[89.7518945460691,21.9936685528859],[89.7406006370596,21.9889132219153],[89.7364397233086,21.9865355566373],[89.7477336323181,21.9752416473962],[89.7459503830543,21.9663254031968],[89.7322788086592,21.9633533207154],[89.7197960656095,21.9627589052557],[89.7144463196149,21.9574091583594],[89.7209848987515,21.9383878373097],[89.7304955602938,21.9259050953577],[89.7310899764156,21.9187720991335],[89.7233625641371,21.9074781901392],[89.7138519025947,21.9074781901392],[89.7162295688786,21.9003451936926],[89.7316843916391,21.8860792026836],[89.7382229716741,21.8771629583067],[89.7453559669325,21.8545751388942],[89.7524889630892,21.8379314828694],[89.7596219583477,21.8200989938029],[89.7625940398551,21.8016720886081],[89.7673493697279,21.7909725948102],[89.7721046996008,21.7844340156635],[89.8945544584244,21.8260431572695],[89.910603698205,21.839120314856],[89.9171422773416,21.8593304698332],[89.9153590280778,21.8949954473289],[89.8862326291256,21.997829466661]]]]}},{"type":"Feature","properties":{"wdpaid":1775,"name":"Pulicat Lake","designation":"Sanctuary","designation_type":"National","iucn_category":"IV","marine":true,"area_km2":12.202633,"status":"Designated","status_year":1980,"governance":"Sub-national ministry or agency","managing_authority":"Chief Wildlife Warden, State Forest Department","iso3":"IND"},"geometry":{"type":"Polygon","coordinates":[[[80.1228796030294,13.7585495698042],[80.1195806371666,13.7582696982111],[80.1167796317202,13.7570695940662],[80.1132696165628,13.7553995167644],[80.1111806122173,13.7528195917199],[80.1095996006735,13.7483895222471],[80.109409499193,13.7451396653428],[80.1101695538735,13.7414397247273],[80.1130895492641,13.735219708275],[80.1147796926402,13.7324495051199],[80.1157696288968,13.729679478669],[80.1158696077946,13.7227295068748],[80.1142695870011,13.7194606397175],[80.1128996229551,13.7161894850702],[80.111769574667,13.7129304748446],[80.1103996124177,13.7096596716803],[80.1094996217756,13.7070996381749],[80.1076705979582,13.7035896238006],[80.1065394941497,13.7003306141744],[80.1034996293642,13.6986598317025],[80.1001994310127,13.6986197003384],[80.0976094730643,13.6983496849059],[80.0943094507826,13.6985397866948],[80.0912496963985,13.6984896211538],[80.0884296799057,13.6975297840856],[80.086119594779,13.6947097684073],[80.0849796883789,13.6921397008332],[80.0852694166176,13.6886696432764],[80.0860294712981,13.6851995860271],[80.086079460747,13.6812606111372],[80.0866194901666,13.6770896422428],[80.0871295958057,13.6745396402337],[80.0871695528695,13.6717597573072],[80.086989659844,13.6678096928749],[80.0863394430717,13.6640896868432],[80.0856795442572,13.661070592069],[80.0847804339641,13.6582697627093],[80.0822395851156,13.6547597489809],[80.080639564322,13.6517205881453],[80.0790395417318,13.6482197267283],[80.0781305751233,13.6456496590833],[80.0765495635795,13.6416897378689],[80.0749495427859,13.6377196078548],[80.0738096372842,13.6351495402609],[80.0726896222795,13.6318905301675],[80.0706095939004,13.6286095177464],[80.0680794826145,13.6251005602574],[80.0641394520154,13.6203995947759],[80.0659895979201,13.6227496378373],[80.0636694786116,13.6203995947759],[80.0613296457742,13.6189706651151],[80.0585395530619,13.6168496236783],[80.0559694856104,13.6151895802883],[80.0536395090883,13.6133007098553],[80.0517995716386,13.6104894951985],[80.0494794532284,13.6081396280609],[80.0495693997412,13.6025707089491],[80.0503294544216,13.5988695374263],[80.0520194208296,13.5956404504024],[80.0537394888845,13.5910296071777],[80.0561395214224,13.5878096741785],[80.0578395220121,13.5848206790002],[80.0612096012078,13.5802295499992],[80.0645594359703,13.5763296519063],[80.0671895261541,13.5735795164021],[80.0691095520047,13.5717497882974],[80.0717495003004,13.5678505943976],[80.0734396427782,13.5655496608782],[80.076079591074,13.5623397608213],[80.0777695583803,13.559119652429],[80.0811294282228,13.5549905751886],[80.0830594855602,13.5517597285971],[80.0854605754151,13.5490095932805],[80.087399435344,13.5450996606082],[80.088639494915,13.5413997219547],[80.0900995806452,13.5381695789095],[80.0916094797545,13.5319296709296],[80.0918995601328,13.5277595822493],[80.0926395491448,13.5254496717489],[80.1019096409557,13.5193097440893],[80.1066396491173,13.5182207076006],[80.1092496727343,13.5171006933606],[80.1118595211798,13.5155096493186],[80.1147196699079,13.5139196602582],[80.1213795611337,13.5086795461161],[80.1247095071958,13.5066396510679],[80.1268495583072,13.5050396286389],[80.1322896308021,13.50325971486],[80.1351295368935,13.5026006956129],[80.1391396244066,13.5021896898808],[80.1429106756126,13.5020096213936],[80.1462096423738,13.5020596110725],[80.1488106891261,13.5011705339409],[80.151879597343,13.5007396372057],[80.1549495610804,13.5000895957626],[80.1580096676042,13.4996696122815],[80.1648696953905,13.4978995552301],[80.1709796999832,13.4984496183053],[80.1735694809635,13.4989505702793],[80.1770895294044,13.4992297376488],[80.1813395308787,13.4990496704221],[80.1839194564422,13.4990906820344],[80.1884005719813,13.4989197672226],[80.1921795454297,13.498269548743],[80.1950095943075,13.4976096500735],[80.1978495003989,13.4964896351316],[80.201409504107,13.4949197131801],[80.2037794358963,13.4937896646259],[80.2075694981486,13.4924505052792],[80.2106296055707,13.4920296409494],[80.2137096016932,13.4913695660508],[80.2167795672272,13.4904796087697],[80.220789653842,13.4898396007311],[80.2236295599334,13.4889496438636],[80.2273995556189,13.4887695749986],[80.2311894418014,13.4871996529592],[80.2330996104384,13.4851296587835],[80.2329306310453,13.4807205342192],[80.2366596141465,13.4828597051795],[80.2428394986851,13.478999586958],[80.2456896141297,13.4778795721144],[80.2489896373097,13.477459588891],[80.2522704733735,13.4779605412078],[80.2574106082764,13.4812795742847],[80.2608896432346,13.4845695628658],[80.2641595629711,13.4869396772316],[80.2697395750208,13.4921195868175],[80.2722897519753,13.494239572004],[80.2746197275991,13.4963595558372],[80.2778896509288,13.4982496591223],[80.2802095977608,13.5003696387871],[80.282549603973,13.501799629688],[80.2872095561189,13.5055696246519],[80.2879796440827,13.5007095384145],[80.2882396264074,13.5155596379148],[80.2879595766176,13.5183405777064],[80.2857396140734,13.5257307758645],[80.2852296836057,13.5287396608708],[80.2835296830159,13.5324297438021],[80.2827796616189,13.5354396856406],[80.2808395700998,13.5395897081945],[80.2791496018952,13.5418897611977],[80.2751396913501,13.5427607078561],[80.2781496332535,13.5460496411296],[80.2746197275991,13.5462407989998],[80.2764395993803,13.5511297526368],[80.275669686588,13.5550697837318],[80.2739695099284,13.5585197761144],[80.2729896069553,13.5615297169552],[80.2745994858608,13.5636296350605],[80.2738496414319,13.5675696658149],[80.2723795233166,13.5710296908483],[80.2713895861617,13.5745004523482],[80.2701695913609,13.5772604453384],[80.2684606130081,13.5816495029678],[80.2658296433737,13.5843994628351],[80.2650896552601,13.5869396069844],[80.2636306259486,13.5899396917038],[80.2628895823146,13.593169481599],[80.2614397050393,13.5954795684205],[80.260409635649,13.601720532399],[80.2573095729598,13.6042397300082],[80.2572696158959,13.6067895545658],[80.25446966597,13.605129686817],[80.2555495487393,13.6120995491672],[80.2536196656751,13.6150904814261],[80.2502594445913,13.6194496152087],[80.2502196635973,13.6220096502616],[80.2468897193318,13.6242796031762],[80.2496894922896,13.6259405273725],[80.249179561822,13.6291807029436],[80.2474795612322,13.6326405517038],[80.2455605918004,13.6351696061115],[80.2440994496514,13.6383995729987],[80.2423895918481,13.6425495959892],[80.2406895912583,13.6460106761769],[80.2394606195928,13.6494696445848],[80.2363996327201,13.6496597456794],[80.2363596756562,13.6522095708132],[80.2360595619945,13.6566105987849],[80.2350794829516,13.6598507741457],[80.2366596141465,13.6640507873435],[80.2368595737388,13.6665997323641],[80.2368196148783,13.6693796150837],[80.2370095420856,13.6730996213852],[80.2374196679286,13.6770496852588],[80.2375995609541,13.6805297762767],[80.2375596038903,13.6837798075653],[80.2384006282188,13.6905097557305],[80.2383696480196,13.693069790147],[80.238999623952,13.6984097083387],[80.2394296402919,13.7011996246398],[80.2398496251451,13.704679715299],[80.2400406060762,13.7079397808218],[80.2404595318157,13.7114195202948],[80.2404204568975,13.7146695521808],[80.2415195249864,13.7195495296607],[80.2419495422247,13.7225695048521],[80.2428495328668,13.7258295697954],[80.2432695159234,13.7293195175732],[80.2434694746174,13.7320995783787],[80.2438296110115,13.7395295559914],[80.2442596282497,13.7425495312852],[80.2442194960144,13.7453396243854],[80.2399995925936,13.7438895710399],[80.2371695437158,13.7438496149484],[80.2317395036061,13.7442394993746],[80.2272596196572,13.7444195667016],[80.2232595663258,13.7443595436929],[80.2204196602343,13.7450196188066],[80.2157005648068,13.7454195369259],[80.2130995180545,13.7458495533765],[80.2102596110647,13.7467395100377],[80.2060094326222,13.7471496370482],[80.1960796189649,13.7490995862886],[80.1934905413654,13.7492995445679],[80.1908794613297,13.7504195595999],[80.1840196114098,13.7519495247083],[80.1748394661117,13.751830535721],[80.1710696455976,13.7508495773402],[80.1654195811254,13.750779696828],[80.1625897092157,13.7509696217605],[80.1595296008953,13.7507006639208],[80.1557596052098,13.7506395849683],[80.1531606703967,13.7510696023045],[80.149849735381,13.7519595583234],[80.1470006763551,13.7533096318898],[80.143920678436,13.7544296469339],[80.1401295597649,13.7557695113809],[80.1375306249518,13.7564295857409],[80.1316096663191,13.7577397016169],[80.1287796174413,13.758159510268],[80.1257195100192,13.7581197293748],[80.1228796030294,13.7585495698042]]]}},{"type":"Feature","properties":{"wdpaid":1781,"name":"Coringa","designation":"Sanctuary","designation_type":"National","iucn_category":"IV","marine":true,"area_km2":105.546121,"status":"Designated","status_year":1978,"governance":"Sub-national ministry or agency","managing_authority":"Chief Wildlife Warden, State Forest Department","iso3":"IND"},"geometry":{"type":"Polygon","coordinates":[[[82.3667995672689,16.7959995788786],[82.3736294943067,16.8043895706533],[82.3746593858305,16.8165997237297],[82.3742395788437,16.8283397276141],[82.3733394130301,16.841679577353],[82.3719495593854,16.8538598070953],[82.3720196154012,16.8651407507896],[82.3735293366441,16.8773595293807],[82.3752694721641,16.8893596899712],[82.3746294629484,16.9003996619396],[82.37476939891,16.9238796700211],[82.3740894344271,16.9376896684188],[82.3705597048424,16.9493805616681],[82.3687097341093,16.9608605848814],[82.3632796948979,16.9706796823925],[82.3526697397895,16.9739897380981],[82.3531796702572,16.9721496251774],[82.3426506830004,16.9690096047285],[82.3318997364099,16.9651697288497],[82.3233506216662,16.9583605732944],[82.3148196376199,16.9508707466634],[82.3063096013877,16.9417696345922],[82.2882805798238,16.9274595638271],[82.2807294987506,16.9179095996581],[82.2804195278753,16.9068495619693],[82.283469602014,16.8958495458948],[82.2848395660599,16.8839006068011],[82.2821295617484,16.8732697047547],[82.2798895317391,16.8624098008521],[82.2896097073552,16.8547305777518],[82.2997695786584,16.8498097626423],[82.3108704540864,16.8458297764271],[82.3210396561904,16.8399998187442],[82.3293196347767,16.8320597340138],[82.3340206004052,16.8219996650458],[82.3401594732578,16.8121895438245],[82.3470096420339,16.8037696290548],[82.3552896206201,16.795609694694],[82.3667995672689,16.7959995788786]]]}},{"type":"Feature","properties":{"wdpaid":4629,"name":"Haliday Island","designation":"Sanctuary","designation_type":"National","iucn_category":"IV","marine":true,"area_km2":2.061,"status":"Designated","status_year":1976,"governance":"Sub-national ministry or agency","managing_authority":"Chief Wildlife Warden, State Forest Department","iso3":"IND"},"geometry":{"type":"Polygon","coordinates":[[[88.639239577767,21.6446996241069],[88.6409596449235,21.6457905964173],[88.6402696471572,21.6478507338563],[88.6386296692998,21.651269746171],[88.6379196040683,21.6532895754169],[88.6369995477576,21.6555797701698],[88.6370194382547,21.657379574617],[88.6375395771772,21.659409788691],[88.6385397218887,21.6614197609799],[88.6395497247121,21.6639106197358],[88.6421106392291,21.6719996171297],[88.6443096566541,21.673549648789],[88.6457795995979,21.6748796558733],[88.6470196600673,21.6766697788634],[88.647769680566,21.6784607820188],[88.6475595134171,21.6809695951944],[88.6459095022762,21.6830307878901],[88.6410895476018,21.6839906246549],[88.6391295646874,21.6828797627507],[88.6364396278411,21.6815796796966],[88.6347295939679,21.6802297826309],[88.6337495149249,21.6782198112311],[88.6332196948586,21.676419654107],[88.6327006132531,21.6739506220083],[88.6323895850607,21.6705397073583],[88.6313795822373,21.6674107772867],[88.6298594746731,21.6633596767024],[88.6285995228084,21.6604396816493],[88.627589519985,21.6577397119818],[88.6268296422727,21.6552697990173],[88.6270296009667,21.6530197359163],[88.6269996771863,21.6507497828825],[88.6272195272757,21.6487107668251],[88.627899489962,21.6464397582655],[88.6295695676697,21.6448307592477],[88.631269570056,21.6443496968575],[88.6334196535526,21.6438797230551],[88.636809622347,21.6438295583476],[88.639239577767,21.6446996241069]]]}},{"type":"Feature","properties":{"wdpaid":1859,"name":"Point Calimere","designation":"Sanctuary","designation_type":"National","iucn_category":"IV","marine":true,"area_km2":77.357914,"status":"Designated","status_year":1967,"governance":"Sub-national ministry or agency","managing_authority":"Chief Wildlife Warden, State Forest Department","iso3":"IND"},"geometry":{"type":"MultiPolygon","coordinates":[[[[79.5661606595778,10.3672696803768],[79.5602296667634,10.3692095957901],[79.5552606240912,10.3743296647122],[79.5502695771861,10.3785296767735],[79.5452706098352,10.3822796062237],[79.5407395039488,10.3860096460073],[79.535729447794,10.3883996453119],[79.5302596275886,10.3907797867558],[79.5242895580593,10.3913397059667],[79.5182994228615,10.3900797546769],[79.5122893971667,10.3874398078654],[79.5067294543787,10.3838796278009],[79.497869489309,10.3753496997244],[79.494129417404,10.3708495743504],[79.4894604883935,10.3659005972534],[79.4848295778824,10.3627797618249],[79.4788596853212,10.3624196258731],[79.4729096823588,10.3643597180112],[79.4664895299227,10.3649296698246],[79.4604995698964,10.3636596860233],[79.4549795841722,10.3628397845905],[79.4490295812098,10.3643195849138],[79.4435396944375,10.3657897040039],[79.4366495685976,10.3654496331303],[79.4301804831314,10.3628295756401],[79.424159719874,10.3592697483463],[79.4199795983455,10.3552295617681],[79.4162096017617,10.3497996980016],[79.413849527186,10.3443596252616],[79.4100906203044,10.3389396178796],[79.405890608279,10.3344396680977],[79.4016995722198,10.3303896244309],[79.3974794936276,10.3249905644128],[79.3951296266085,10.3199905406779],[79.413879626138,10.3188004699946],[79.4189394956719,10.3189805378493],[79.4239896849604,10.3189397007604],[79.4276706135837,10.3191595503615],[79.4343106161092,10.3186395872784],[79.4407196788431,10.317929698978],[79.4462206553175,10.3174495159052],[79.4505595468859,10.316509570243],[79.4551406422212,10.3153504775857],[79.4608496739053,10.3153205549064],[79.4642994893623,10.3155206895602],[79.4675097420993,10.3150496598305],[79.4702597007797,10.3143496292788],[79.475519529906,10.3136295313594],[79.478279522768,10.3145096312733],[79.4824107121647,10.3145096312733],[79.4865295775738,10.3135795409345],[79.4901893859066,10.3130896780105],[79.4945395441453,10.3130595783558],[79.4986594668716,10.3123305042202],[79.5037005032256,10.3116195588011],[79.5089705408068,10.3106905257993],[79.513079550799,10.3095296741461],[79.5158196540624,10.3090595245713],[79.5192295115572,10.3090396343465],[79.5224596547912,10.3096806990617],[79.5269495720235,10.3111295196017],[79.5323606019852,10.3139097552819],[79.5392605850387,10.3172595911425],[79.5415595813616,10.3186105442796],[79.5434104306471,10.320410699613],[79.5441196164279,10.3222196576677],[79.5441196164279,10.3242405433831],[79.5430094577386,10.3269697319571],[79.5418595189535,10.3283305432667],[79.5398194476382,10.3303896244309],[79.5375396366348,10.3317696212847],[79.5352596513583,10.3326696113192],[79.5322695999519,10.3329496592057],[79.5299794044239,10.3329496592057],[79.5288394980239,10.3338596816564],[79.5288505877261,10.3352196120945],[79.5295405863907,10.3361095688963],[79.5306896439285,10.3372406731726],[79.5339095778094,10.3376805472343],[79.5345895431906,10.3376706900747],[79.535729447794,10.3380097049599],[79.5371194784067,10.3374205660918],[79.5377994428897,10.3376495679675],[79.5389595901297,10.3387695829559],[79.5391894726042,10.3394595809697],[79.5389696243114,10.3405697386205],[79.5385195414046,10.3419497358259],[79.5376095165808,10.3433205787248],[79.5335195167366,10.3467395906469],[79.5310096480873,10.3478796721811],[79.5289495111035,10.34856967138],[79.5266605471657,10.3490396443381],[79.5245995298329,10.3488296521267],[79.5232195334018,10.3488296521267],[79.5229894748576,10.3499797666496],[79.5232395990704,10.3510895716118],[79.523929597735,10.3520096288377],[79.5253095941661,10.352429788252],[79.5282794029358,10.3526607268322],[79.5308095142217,10.352400744842],[79.5342496476366,10.3519397490543],[79.5374394816672,10.3507695676727],[79.541340437348,10.349850568132],[79.5449995396049,10.3496097733492],[79.5495795794197,10.3484197017291],[79.5532406184444,10.3472806764183],[79.5566495973869,10.3452296920852],[79.5596195822264,10.3436096036277],[79.5626004806983,10.3426805705826],[79.5639595311119,10.342450511912],[79.5641996220412,10.3426596237887],[79.5660295253093,10.3430996740733],[79.5685395700284,10.3405896286188],[79.570139590822,10.3396796062221],[79.5724095446117,10.3385296678221],[79.5744795397075,10.3378505827476],[79.5772296762542,10.3375895448006],[79.5802095183074,10.3375596215863],[79.5831897116018,10.3382205766524],[79.5861806433571,10.339319645239],[79.5896404911992,10.3418096235769],[79.5912396334404,10.3417995906863],[79.5944396759259,10.3413095507958],[79.5962806688961,10.3403997036957],[79.5985595986522,10.3396996721385],[79.6022195821564,10.3394405710931],[79.6058906553628,10.3387505730375],[79.6090806645648,10.3371496706114],[79.6118197114095,10.3355396168611],[79.6138696399383,10.3334805349719],[79.6161496261132,10.3323395739719],[79.6179895626647,10.3327806797688],[79.6202896163047,10.3336697561992],[79.6218994952101,10.3345695702295],[79.6237295736497,10.3354595271051],[79.626039483605,10.3361296350407],[79.6267196259543,10.3361095688963],[79.6290094693428,10.3352696017312],[79.6278595305577,10.3336195913266],[79.6248495886544,10.331159712278],[79.6223094449833,10.3295795800941],[79.6202505395898,10.3284495317313],[79.6170295501885,10.3271295587351],[79.613809617206,10.3255705504264],[79.6108195657997,10.3237895803819],[79.6075996328172,10.3219895990426],[79.6039195827461,10.3210896093715],[79.5952095869216,10.3207196147467],[79.5917705090272,10.3209695637728],[79.5887996438387,10.3218996525993],[79.5860495081903,10.32306050459],[79.5833097570665,10.3237505026241],[79.5796395651074,10.3233296393631],[79.5768906610492,10.3231096150374],[79.5711795174258,10.3249595838951],[79.5681996753727,10.3256596155881],[79.565229513565,10.3259095642238],[79.5599496187702,10.3255105267203],[79.5571894498384,10.3245996237272],[79.5555896051145,10.3237196996225],[79.5542004548508,10.3226005651565],[79.5535005998708,10.3210096962256],[79.5532494192393,10.3189805378493],[79.5537095363278,10.3176295854167],[79.5532194945605,10.3151396055803],[79.5525096071955,10.3123996795814],[79.5516006396887,10.3110795296637],[79.549740461399,10.3092696927141],[79.5488295589211,10.308820490033],[79.5469794121181,10.3072495107412],[79.543749621922,10.3061397056781],[79.5428395988948,10.3050295475951],[79.5428395988948,10.3045696065677],[79.5430596241556,10.3038994985871],[79.543749621922,10.3036704968927],[79.5483095942716,10.3036296613538],[79.5515196709389,10.3038195863815],[79.554499512992,10.3035796711096],[79.5652795039123,10.3023697096327],[79.5700896022714,10.3021195858697],[79.5760396052338,10.3011595729308],[79.5863297322533,10.2981596637976],[79.5984596197543,10.2980695417346],[79.6046595708598,10.2975895360933],[79.6085397547963,10.2955095079195],[79.6126697117043,10.294569561327],[79.6250294816799,10.2940105221746],[79.629600367662,10.2926396783678],[79.6346394681465,10.2919095467446],[79.6390005391193,10.2921095062352],[79.6430905389635,10.2905005072832],[79.6462904062775,10.2882205209242],[79.6487995697493,10.2865995530194],[79.6504094486548,10.285920468199],[79.6533595429973,10.2858894882592],[79.6561293939713,10.2860994800428],[79.6662095290133,10.2853505146013],[79.6710196255758,10.2848696287111],[79.677199511911,10.2839196492821],[79.6815496692514,10.2829805821115],[79.6874894628607,10.2815595729252],[79.7012306378256,10.2792095306128],[79.7085396912016,10.2768996212616],[79.7156295987675,10.2759095079609],[79.7218196926593,10.2754295022131],[79.7273095803298,10.2742494636965],[79.7321096436089,10.2733204311408],[79.7364495933927,10.2721395132086],[79.741479715216,10.2723394710736],[79.7469997009402,10.2727504777929],[79.7517895566627,10.2717906407128],[79.7561596053984,10.2704196217908],[79.7609603729566,10.2694696422317],[79.7661994312369,10.269660799671],[79.7703494538134,10.2709594747856],[79.7739994040342,10.2711795001414],[79.776999488724,10.2702406090185],[79.7801995321078,10.2688606132937],[79.782939458403,10.2683797261749],[79.7852194445779,10.268600631065],[79.7861495341719,10.2690697236295],[79.7861495341719,10.2699697150108],[79.7854495031222,10.271079519974],[79.7847793949545,10.271779551962],[79.7843895099515,10.2720395333448],[79.7840893971881,10.2729706786852],[79.7841395618085,10.2751695200827],[79.7848494509703,10.2783304865609],[79.7850993982149,10.2801405001462],[79.7851196417498,10.2817095417267],[79.7839795601784,10.2833305099867],[79.7823695061013,10.284469535144],[79.7800903993772,10.2849495421818],[79.7741495493492,10.2854395814092],[79.7654705328255,10.2900395109406],[79.7627295501114,10.2905005072832],[79.7606794446144,10.2925705022053],[79.7590994903877,10.2959604707558],[79.7570595951422,10.2984705160427],[79.7547896395558,10.3000596242052],[79.7520395048056,10.3005596971502],[79.7483696640878,10.3003495293852],[79.74583972977,10.2996896296218],[79.7439996171488,10.2983504697775],[79.7430596712394,10.2969796262717],[79.741909731556,10.2945095378996],[79.7405197018416,10.2924895326836],[79.7382096158165,10.2909206666515],[79.7361297644055,10.288669547895],[79.7351806646634,10.2859495106746],[79.7335697302374,10.2846295381602],[79.7292296061805,10.2846506602883],[79.7260094962299,10.2830895387988],[79.7227895632474,10.282439497183],[79.7191295797431,10.2835994692076],[79.7147996650394,10.2856604858641],[79.7042595889787,10.2866495433031],[79.6953496353584,10.2883104672586],[79.6935095218389,10.2894595249179],[79.6923895068342,10.2917095888949],[79.6919395999972,10.2939795421451],[79.6903805908896,10.2998895885994],[79.6888006357645,10.3028296503352],[79.6869995989598,10.3053395189638],[79.6847095803999,10.3069295072485],[79.6808306280536,10.3085605080156],[79.6716596347915,10.3086096180738],[79.6663994553223,10.3095595973757],[79.6618195906789,10.3107396346416],[79.657249408976,10.3114495241304],[79.6526595119476,10.3110196826067],[79.6483195639604,10.312419569594],[79.6448794287489,10.3133496589404],[79.6414505611061,10.3135996076327],[79.6384596293508,10.3120495762671],[79.6347794041083,10.310699502647],[79.6320294436313,10.3111795086479],[79.6288294011458,10.3125595058061],[79.6205995871799,10.3139796346846],[79.6176095357736,10.3139896675792],[79.6153297247702,10.3133496589404],[79.6137106938286,10.3131196009018],[79.6132595554014,10.3133596927389],[79.6127996143826,10.3140305053104],[79.6132806765903,10.3153795217691],[79.6141697536001,10.316509570243],[79.6155796747099,10.3178696755816],[79.6180995757443,10.3196495903176],[79.6213195087267,10.3216495293241],[79.6245494749927,10.3234496849451],[79.6270794102088,10.3252295990438],[79.6291895384381,10.3293095660296],[79.6291895384381,10.3295297671873],[79.6301194510641,10.3299796738229],[79.632149489096,10.3256397264124],[79.63234944779,10.3240705075771],[79.6337194118359,10.3222696467202],[79.635099408267,10.3215606388989],[79.6369194552197,10.3208595508038],[79.6392094737797,10.3215307150425],[79.640819528755,10.3224196155975],[79.6419795008235,10.3235505446565],[79.6426795318732,10.3246705603959],[79.6424603869614,10.3264895503101],[79.6422394822498,10.3269596985926],[79.6415494835852,10.327179547891],[79.6383395838861,10.326740554384],[79.6365195369333,10.3278906693737],[79.635829539167,10.3290205412263],[79.6353894886453,10.3310595558226],[79.6358494287657,10.3328695696733],[79.6363195782393,10.333319652696],[79.6372394593784,10.3333096204179],[79.6383795400516,10.332850559398],[79.6395294788367,10.3319296232561],[79.6404294685805,10.3307995753879],[79.6422593718486,10.3301095769145],[79.6436393691779,10.3301095769145],[79.6450095083953,10.3303195683875],[79.6466195633706,10.3307705317445],[79.649119573908,10.3309704904232],[79.6520994159612,10.3275396853932],[79.654599604365,10.3257307278873],[79.6623906002977,10.3243197522268],[79.6653505518538,10.3227096972765],[79.6673996000337,10.3206495592004],[79.6701495596124,10.320410699613],[79.6735895178557,10.3210396201315],[79.67724950136,10.3198907368298],[79.6806695691063,10.3182996933482],[79.6847794603458,10.3155495569688],[79.687279646953,10.3132595368027],[79.6888694592917,10.310989583638],[79.6909195638904,10.309369496394],[79.6932104636976,10.3086794977688],[79.6961697118729,10.3082195567666],[79.7030494522898,10.307699594177],[79.705800644357,10.3076795279866],[79.7076405809085,10.308139643889],[79.7092495785667,10.3092395926943],[79.7113306633646,10.3110395727064],[79.7124797218007,10.311249565418],[79.7138394755951,10.3110196826067],[79.71680048357,10.3080595551117],[79.7186296825589,10.3071396750447],[79.72044973041,10.3064496768385],[79.7220495751338,10.3048505350048],[79.7224994819707,10.3027995505841],[79.7238595888031,10.3016895689919],[79.7256894920711,10.3018604839252],[79.7270795217856,10.3027696267125],[79.7282296357422,10.3038896421368],[79.7287094672579,10.3056996558242],[79.7287094672579,10.3079696091074],[79.7273595697788,10.3097796223351],[79.724390641358,10.3109505069424],[79.7225697140563,10.3125295819777],[79.7216806370466,10.3145997530531],[79.71914964631,10.3157396577547],[79.7168696601351,10.3161895664381],[79.7145796397785,10.3171196552521],[79.7132094996628,10.3178096530575],[79.7109506355752,10.3193896092884],[79.7070595389046,10.3219396099456],[79.7056996090404,10.3232995398041],[79.7054795837795,10.325119586681],[79.706409671577,10.3262396021353],[79.7073297296842,10.3264506487569],[79.708689484377,10.3262295678638],[79.7100596226961,10.3253007114403],[79.7116504923518,10.3232905633157],[79.7132396004113,10.321430559939],[79.7152897041117,10.3198395162892],[79.7175795483985,10.3193697179486],[79.7187294871836,10.3195895672493],[79.7194295182333,10.3216204857193],[79.7194397266883,10.3229707352079],[79.7203696411108,10.3243396423698],[79.7219696619044,10.3245396007195],[79.7242697146461,10.3243005655641],[79.7267896165788,10.3235697313649],[79.7279196648669,10.3226695650405],[79.729269562346,10.3199805079746],[79.7311096749672,10.3197096133745],[79.7326996633757,10.3201695526155],[79.7347696575731,10.3194496306273],[79.7356897147821,10.3187596328823],[79.7361297644055,10.3176295854167],[79.7356596149318,10.3164995374286],[79.7342806749196,10.3149296145793],[79.7331104943962,10.3126795510772],[79.733559696954,10.3110795296637],[79.7344695439114,10.3104196311592],[79.7358595736259,10.3108496476122],[79.7369996551974,10.3121995447114],[79.7383896849118,10.3135395851782],[79.7392995318692,10.3135596509952],[79.7406696710867,10.3123905269052],[79.74294948209,10.3108007137811],[79.7454595268091,10.3091906603808],[79.7488896278389,10.3080407209844],[79.752779668989,10.3075605387396],[79.7555197722524,10.3070896853574],[79.7580396741851,10.3063805010543],[79.7596305420443,10.3041005137195],[79.7605294762677,10.3018295046669],[79.7621305543783,10.3006895991251],[79.7632694025629,10.3000096342787],[79.7632495129642,10.2986495278371],[79.7643894175676,10.2977396811177],[79.7657595576833,10.2974796987984],[79.7669105519888,10.2970304961066],[79.7687293655547,10.2956504998877],[79.7700894732854,10.2935995148399],[79.7723495689632,10.291099503306],[79.7750894961568,10.2892595672835],[79.7773594490482,10.2881105080124],[79.7798893842644,10.2878695369372],[79.7814994392397,10.2882895212659],[79.782189437006,10.288769526915],[79.7826493771265,10.2891995437299],[79.7828894689541,10.2901095671053],[79.7831295598835,10.2917095888949],[79.7831494503805,10.2939696853846],[79.7833895413098,10.2948596421378],[79.7838695479971,10.2973596539237],[79.7847793949545,10.2980396191817],[79.7856795607681,10.2941895338488],[79.7858895527455,10.2923694867936],[79.7863296032673,10.2900895006795],[79.7867694768209,10.2885195788639],[79.7874496182719,10.2875995215892],[79.7878995251089,10.2857794763029],[79.7881105726068,10.2832997065699],[79.7878505911805,10.2803596449392],[79.7871495037119,10.2783095407901],[79.7868995555689,10.2765204740972],[79.7866705543418,10.275830475226],[79.7868895222856,10.2749195718758],[79.7875395638864,10.270840660853],[79.7888994937506,10.2690396250793],[79.7898295833447,10.268800590284],[79.790049433434,10.2685796846496],[79.7927995690825,10.2685296950428],[79.7943995898761,10.2687597528863],[79.7969194918088,10.2689496785621],[79.8001295675777,10.2689398219044],[79.8040196096261,10.2684696719703],[79.8088395643005,10.2686497411536],[79.8029596173538,10.2778195011074],[79.800739653013,10.2829004931329],[79.7981004098948,10.2893495133218],[79.7963595727905,10.2948596421378],[79.7946194390671,10.3012905308417],[79.7901205449702,10.305959636667],[79.7855795818702,10.3092395926943],[79.7805894162125,10.3129895228722],[79.7760796075848,10.3176505312272],[79.7715493811492,10.3209396398602],[79.7665595676309,10.3246895702821],[79.7615694019731,10.3279795588936],[79.756079692169,10.329010683795],[79.749649681621,10.329130553108],[79.74367961299,10.3287797463796],[79.7381897262178,10.3297996051953],[79.7193797039559,10.3301597423474],[79.713409635325,10.3307205422759],[79.7074406222144,10.3303795911755],[79.6941394968729,10.3306295395939],[79.6872506044199,10.330299677739],[79.680809505068,10.3304295806984],[79.6748595021055,10.3309896757951],[79.6684395257392,10.3320296018007],[79.6625095893436,10.3335095783649],[79.6579895731594,10.3381705866016],[79.6529805716267,10.3409995804058],[79.6493795562327,10.3451807583026],[79.6443695000779,10.3480095749387],[79.6398295933967,10.3512997399331],[79.6348295687287,10.3545895531747],[79.6257594374084,10.3611596747734],[79.6198196429008,10.3630997667601],[79.6148196200294,10.366389579868],[79.6093496228559,10.3692307184228],[79.6038806829994,10.3716096281413],[79.5974695083263,10.3721897904274],[79.5901206739562,10.3723196928292],[79.5841205045767,10.3701507754103],[79.5716597001829,10.3662596767733],[79.5661606595778,10.3672696803768]]],[[[79.7103095717374,10.3008995907799],[79.7119395163113,10.3017895483042],[79.7133895687581,10.303129587976],[79.7134196677101,10.3047306661666],[79.7129595524182,10.3052096162539],[79.712059561776,10.3056996558242],[79.710429617202,10.3057096889825],[79.7090297302739,10.3055296197257],[79.7064496304374,10.3046805002157],[79.7041096197336,10.3038097290448],[79.7033995562987,10.303129587976],[79.7033796649034,10.3029095627919],[79.7036095482762,10.3024496230898],[79.7045097140898,10.3014996426806],[79.7054306498511,10.3007906349394],[79.7072795641655,10.3005195638591],[79.7103095717374,10.3008995907799]]]]}},{"type":"Feature","properties":{"wdpaid":1867,"name":"Balukhand Konark","designation":"Sanctuary","designation_type":"National","iucn_category":"IV","marine":true,"area_km2":6.062897,"status":"Designated","status_year":1984,"governance":"Sub-national ministry or agency","managing_authority":"Chief Wildlife Warden, State Forest Department","iso3":"IND"},"geometry":{"type":"Polygon","coordinates":[[[85.8858196113641,19.798729650219],[85.8934196245691,19.8006595332832],[85.9005697318354,19.8038395099899],[85.9070606445664,19.8081806913341],[85.9126797297378,19.8135195516508],[85.9172696267662,19.8197295368984],[85.9206794860576,19.826599596251],[85.9228095029874,19.8339295949111],[85.9236096899031,19.8415097189593],[85.923029704318,19.8490696012568],[85.921099645184,19.8564207229612],[85.9178797122015,19.8633196492409],[85.9134806209327,19.8695697659935],[85.9079995349553,19.8749697070244],[85.901629725006,19.8793596447555],[85.8945695642525,19.8825998202478],[85.8870197147696,19.884600638969],[85.879199500234,19.885299790707],[85.8713794608698,19.8846698152883],[85.8637794467665,19.8827397560078],[85.8566305719888,19.8795508018113],[85.8501394840863,19.8752296882385],[85.8445094852826,19.869879737404],[85.8399294463661,19.863659720346],[85.8365195879729,19.8568005743393],[85.8343895692466,19.8494705744128],[85.8335994156142,19.8418897462922],[85.8341794011993,19.8343196556213],[85.836109459435,19.8269695903165],[85.839329570284,19.8200696067237],[85.8437395742869,19.8138205456183],[85.8492095696638,19.8084295826758],[85.8555795565811,19.8040405249564],[85.8626495754466,19.8007996452362],[85.8701895659192,19.7987997057926],[85.8780096052834,19.7980996752391],[85.8858196113641,19.798729650219]]]}},{"type":"Feature","properties":{"wdpaid":13191,"name":"Battimalv Island","designation":"Sanctuary","designation_type":"National","iucn_category":"IV","marine":true,"area_km2":2.658122,"status":"Designated","status_year":1977,"governance":"Federal or national ministry or agency","managing_authority":"Chief Wildlife Warden, Forest Department","iso3":"IND"},"geometry":{"type":"Polygon","coordinates":[[[92.8566000000478,8.81393000028624],[92.8582200002715,8.81418999987488],[92.8598200004039,8.81491000023923],[92.8611900003824,8.81563000008815],[92.8632399998782,8.81750999963721],[92.864379999703,8.8182299997447],[92.8657200004427,8.82079000039717],[92.8666300001137,8.82196999959035],[92.8672900004378,8.82359999957686],[92.8679499998636,8.82591999963088],[92.8681499998801,8.82754000027189],[92.8685800000504,8.82916999962239],[92.8692599986693,8.83056000035999],[92.8699199998917,8.83242000027198],[92.8701199999083,8.83405000024562],[92.8705600001243,8.83544000034051],[92.8693800001166,8.83704000031433],[92.8675199996932,8.83792999959555],[92.8663499997312,8.83860000036902],[92.8651899998149,8.8385799998866],[92.8638199998364,8.83810000041058],[92.8624399998121,8.83714999986318],[92.8610599997878,8.83666000000636],[92.8594599996554,8.83594000035724],[92.8580899996769,8.83544999977938],[92.8569399998063,8.83473999988776],[92.8555599997821,8.83425999984892],[92.8528299998707,8.83189999996236],[92.8512599998756,8.82862999992196],[92.8502499997471,8.82053000012811],[92.8502799998844,8.8189099997903],[92.8505400001753,8.81706000007789],[92.8512599998756,8.81545999957226],[92.8522099997296,8.81408999971334],[92.8535999997996,8.81388000017366],[92.8554500001772,8.81321999982895],[92.8566000000478,8.81393000028624]]]}},{"type":"Feature","properties":{"wdpaid":4630,"name":"Sajnakhali","designation":"Sanctuary","designation_type":"National","iucn_category":"IV","marine":true,"area_km2":606.289166,"status":"Designated","status_year":1976,"governance":"Sub-national ministry or agency","managing_authority":"Chief Wildlife Warden, State Forest Department","iso3":"IND"},"geometry":{"type":"Polygon","coordinates":[[[88.8563496456246,22.1319795709567],[88.8544595426561,22.1368496909558],[88.8520095206693,22.1357596001729],[88.8495505218179,22.1340106653644],[88.8470795547119,22.1320295609211],[88.8438895437133,22.1300296223097],[88.8411795411984,22.1284994802479],[88.8363296627436,22.1288296939465],[88.8324406771139,22.1282196082584],[88.8304696062939,22.126439695107],[88.8309196892007,22.1253096464099],[88.830659706876,22.1244195128255],[88.8299096863773,22.1232996737242],[88.8284397443318,22.1221796592884],[88.8267106994123,22.1210795352914],[88.8247496600791,22.1202094683543],[88.822329562771,22.1202596339265],[88.8189295606932,22.1205497135989],[88.8133896853703,22.1215496838212],[88.810459655798,22.1218406446203],[88.8080397336615,22.1216595200664],[88.806080631096,22.1205497135989],[88.8045897421347,22.1192395976704],[88.8035496403594,22.1160897196903],[88.8030196442232,22.1138204708112],[88.8024995053007,22.1111106440997],[88.8002295524093,22.1077696088806],[88.7980296537369,22.1069396752902],[88.7953395408208,22.1056096678796],[88.7931495002604,22.1051995413151],[88.7914494987723,22.1056795479015],[88.7897595323643,22.1059296723539],[88.7868397130435,22.105759636646],[88.7839096843695,22.1044595530338],[88.7775595879491,22.1022996121203],[88.7767794667019,22.0996096753495],[88.7762496457372,22.097369644968],[88.7790795203419,22.0932396878829],[88.7790406196968,22.0909795920515],[88.7768195998355,22.0896696517837],[88.7745896031096,22.0874496881998],[88.7721395811228,22.0856896642778],[88.7699296509638,22.084359657206],[88.7674796289769,22.0830497171182],[88.7638196463711,22.0822106288757],[88.7606495258694,22.0815898072166],[88.758439594812,22.0800297422851],[88.7576895743133,22.0780298030324],[88.7571506013125,22.0762296472748],[88.7566096924422,22.0737597351131],[88.7558394284086,22.0714998136847],[88.7550695174129,22.0685796426627],[88.7537796426661,22.0652097413811],[88.752019619344,22.0620797541176],[88.7505005673002,22.0584907066029],[88.7499795471304,22.056919553269],[88.7519196404461,22.0568896290812],[88.7528995434193,22.0570996211153],[88.7562896873852,22.0568097157665],[88.7596696228962,22.0558595602781],[88.7654596233301,22.0539497436626],[88.7688694817233,22.0550097359821],[88.7720304492906,22.0549595697005],[88.7739495947922,22.0542496816891],[88.7758696197445,22.0530796767554],[88.7775395222807,22.0519105521902],[88.7816596210767,22.0514097759577],[88.7845595499005,22.0511297277866],[88.7855706091427,22.052899608786],[88.7884796909009,22.0524005919988],[88.7879606092954,22.0512897298081],[88.7868895264226,22.0458906691752],[88.7853595607465,22.0425096782894],[88.784130589081,22.0416396109649],[88.7814395958159,22.0403296713161],[88.7822195409933,22.0430296411514],[88.7818006116606,22.045999625905],[88.7798696739742,22.0466896238508],[88.7750196203479,22.0467697127396],[88.768239505791,22.0475695483629],[88.7614696032822,22.0485795498397],[88.7585496078915,22.0486497819669],[88.7546696000248,22.0484896037747],[88.7551295401452,22.046899791726],[88.7558095064248,22.0450897790996],[88.7574795823359,22.0429995408338],[88.7584197052133,22.0411897039667],[88.7593295521707,22.0384707239796],[88.7597696017941,22.0361896810883],[88.7604495680737,22.0339197280312],[88.7608896167987,22.0316596312595],[88.7610895763911,22.0294097443277],[88.7605696117417,22.0269095560944],[88.7611995876741,22.0223796823845],[88.7621495677651,22.0207997270247],[88.7635795536451,22.0203197211155],[88.7650394642038,22.0200394973395],[88.7754396043028,22.0191995297251],[88.777149638176,22.0193896307116],[88.7786195811198,22.0200394973395],[88.7793896681853,22.0220505247362],[88.781589565061,22.0231705403533],[88.7842796779771,22.0242395088683],[88.7872105870001,22.0250995426653],[88.7903696169013,22.0257196613393],[88.7925795479587,22.0265796953086],[88.7945395299749,22.0276807002813],[88.7998996901386,22.0289395946838],[88.8018396055879,22.0291295202155],[88.8052396076658,22.0292896978355],[88.8071895572968,22.0299295313073],[88.8093896320389,22.0301305457611],[88.8110597079499,22.0291895427094],[88.8129795577307,22.0277996888922],[88.8134206637729,22.0262097010682],[88.8150896850618,22.0245896128134],[88.8162496571303,22.0218796102905],[88.8187097106038,22.0231796932981],[88.8196996477587,22.0245097004113],[88.8214295721289,22.0260796222207],[88.8228896578591,22.0269405358812],[88.8248505202242,22.0271396142845],[88.8270296480505,22.0268805132667],[88.8299397862275,22.026149678144],[88.8327096363032,22.0258595969641],[88.8342697009313,22.0251695990735],[88.8419994416431,22.0236806460309],[88.8495005332673,22.0228507123903],[88.8521695231978,22.0228096993363],[88.8538695246859,22.0229996247608],[88.855829506702,22.0236396332172],[88.8575395405752,22.0242796421129],[88.859259431662,22.0253896237365],[88.8609895321019,22.0271795709984],[88.8615293845534,22.0297506946302],[88.8636895022317,22.0284796536562],[88.8663296256989,22.0270697337272],[88.8687405700725,22.0261306681313],[88.8732896305864,22.0233296621033],[88.874969566406,22.0226197736572],[88.8746696279158,22.0196895686929],[88.8743795484358,22.0178895890002],[88.874849520043,22.0165206818141],[88.8757896429204,22.0153696871126],[88.8774796102268,22.0142197490715],[88.8796196613382,22.0130495681741],[88.8810596814,22.0114307119336],[88.8783796008689,22.0112605009176],[88.8761895594102,22.0108496708554],[88.8715695643281,22.0104696430971],[88.8691594994052,22.0107495151846],[88.8679696035563,22.0125806509525],[88.8680195930052,22.0148305378591],[88.8687995381827,22.0173096029145],[88.8690795861759,22.0193406976578],[88.8691195414431,22.0209296300078],[88.8684094780082,22.0220505247362],[88.8667195098035,22.0227695673408],[88.8643196542338,22.0232596056179],[88.8623494619662,22.0226095647232],[88.8601294976253,22.0206296921536],[88.8583795075867,22.0179607007978],[88.8554394456292,22.0164096128844],[88.8534894968965,22.0160007190405],[88.85106957476,22.0160396187303],[88.84863961934,22.015869583976],[88.8437893887456,22.015949497088],[88.8408905163406,22.0162297206253],[88.8370296937934,22.0171995905966],[88.8312395172896,22.0191196167806],[88.8285895366088,22.0202906777694],[88.8261796468573,22.0210097193135],[88.8227796456778,22.021069566201],[88.8198496170038,22.0197795164021],[88.8173897378034,22.0180205481405],[88.8158997291911,22.0164495701266],[88.8151595650077,22.015789670819],[88.8127396428712,22.0158405413833],[88.8110396422814,22.0162996007006],[88.8098506267815,22.0170107208864],[88.809399664424,22.0186096870545],[88.8089495806189,22.0206495823225],[88.8082706716564,22.0226896539118],[88.8073294932585,22.0242796421129],[88.8063696559538,22.0249696401754],[88.8044496301032,22.0259196200112],[88.8020297079667,22.0261905153534],[88.8005495556697,22.0253005581458],[88.7993197036552,22.0241896955955],[88.7973595455693,22.0231106926879],[88.7946796420063,22.0227095437915],[88.7917496142306,22.02184950964],[88.788599734569,22.0214495930136],[88.7861294717422,22.0203697098009],[88.7853396711478,22.0160996417743],[88.782139627764,22.0136795435873],[88.7794496900193,22.0134896181612],[88.777279539956,22.013749599813],[88.7717106212016,22.0138495793038],[88.7661205776651,22.0134896181612],[88.7639194483008,22.0128496088259],[88.7626795639013,22.0112995776372],[88.7621694582621,22.0097196219879],[88.761889587237,22.0079294991119],[88.761119675343,22.0056706350906],[88.7598896481571,22.0047894790874],[88.7579296652426,22.0036897063047],[88.7562094220163,22.0028294967554],[88.7535205406904,22.0012805212231],[88.7530095547023,21.9997095434082],[88.7529695994351,21.9981295876972],[88.7524494596142,21.9965594903611],[88.7507096780304,21.9940895770849],[88.7489695452053,21.9920896393724],[88.7467596141479,21.9907696650541],[88.7450295137079,21.9892395228005],[88.743549538379,21.9872306071827],[88.7427695940999,21.9849796642718],[88.741979615639,21.9815995531173],[88.7426796466888,21.9800204769891],[88.7441295239641,21.979750638829],[88.7458295245539,21.9799604553343],[88.748989434804,21.9805897263897],[88.7516695153351,21.9812094916351],[88.7525996049291,21.9789395393528],[88.7525496145819,21.976679442295],[88.7517995949815,21.9755604839566],[88.7476805508075,21.9756296593206],[88.7452595722522,21.9761195231315],[88.7399395452221,21.976679442295],[88.7365395431442,21.9765196159209],[88.7336294049672,21.9767795978652],[88.7302394361728,21.9772895280643],[88.7278295473197,21.9773296596039],[88.7249093758593,21.9769404802398],[88.7239196147742,21.975820465158],[88.7233505428215,21.9715394829486],[88.7240405405879,21.9692496403102],[88.7235293794283,21.9681495145854],[88.7227594693309,21.9661295101767],[88.7224795956108,21.9638794457338],[88.7229196461325,21.9618307501858],[88.7231405508441,21.960250795226],[88.7228495901168,21.9582096673359],[88.7213095911572,21.9537208056237],[88.7212495693232,21.9505696971396],[88.7216394534279,21.945589740235],[88.7210496097308,21.9397405963035],[88.7209994451104,21.9374607863553],[88.721919501421,21.9349607736751],[88.7237094476253,21.933119781301],[88.7216394534279,21.9326897642552],[88.7186993905722,21.9314005936246],[88.7181794277194,21.9291396180444],[88.717609476316,21.9250897502092],[88.7170705024169,21.9219497303403],[88.7163296339543,21.9182297237802],[88.6770395144179,21.8736595322374],[88.6581006449982,21.7253396522228],[88.6644195860479,21.6180396396616],[88.6693796527538,21.5758895466946],[88.6833596861595,21.5549294413409],[88.7496296200896,21.5265196432749],[88.8537695448897,21.5170596250462],[88.9295097053946,21.5233697648629],[89.027340547257,21.5454607988613],[89.0809896715697,21.5833295586008],[89.1062395597965,21.6180396396616],[89.1093906692518,21.6559096323728],[89.0936095990414,21.7000906435893],[89.055739607273,21.7505895396238],[89.0399595943797,21.8010796347245],[89.0462706131868,21.8421095380106],[89.0336496301947,21.8768206748052],[88.9736896595513,21.9052195600937],[88.9174894770368,21.9366197617137],[88.9079395142008,21.9332297937858],[88.9080996919008,21.9339095834088],[88.908709600368,21.940439747943],[88.9097495269719,21.9440296748024],[88.9105696043846,21.9480906309353],[88.9111696556382,21.9537208056237],[88.9119694904144,21.9578007732185],[88.9134806220122,21.9602296718769],[88.9142596868407,21.9629396759478],[88.913569688176,21.9645395207056],[88.9093295430169,21.9709205968713],[88.9079296569872,21.9734396190324],[88.9068096419825,21.9775296190484],[88.9053997217711,21.9804895710085],[88.9044895217757,21.9829895816984],[88.9040795720026,21.9866104892229],[88.9041395947349,21.9900096108384],[88.9052594327715,21.9971994982748],[88.9050594749757,21.9992496032855],[88.9055695806149,22.0005996763258],[88.9056994841915,22.0066896147036],[88.9052495773545,22.0087395433616],[88.9043194868621,22.0103495980443],[88.902889677052,22.0119504990909],[88.9022095356009,22.0139896907196],[88.9029695902813,22.0160007190405],[88.9034995864175,22.0182595833203],[88.9037896667958,22.0202906777694],[88.9035694663634,22.021629661023],[88.9015195369362,22.0277996888922],[88.9008395715549,22.0302896680184],[88.9001495737886,22.0323406516883],[88.9001794966707,22.0339096939469],[88.9004796112307,22.0363796068866],[88.9014994712677,22.0386495596336],[88.9024795503107,22.0395196270219],[88.9042096507506,22.0408396002683],[88.9052295098893,22.0433007119167],[88.9060094550668,22.0455595761875],[88.9057996391591,22.0475897902774],[88.9036194558124,22.0476096799894],[88.901459691172,22.0488096086135],[88.9000295283239,22.0499595471744],[88.8981095042699,22.0511196949226],[88.8954706105963,22.0523097658119],[88.893319470681,22.0543697269917],[88.89166963561,22.0564305690004],[88.8907495801977,22.0589305812168],[88.8905295549368,22.0605098320414],[88.891059551073,22.0623297018832],[88.8918294620687,22.0645607548367],[88.8928394648921,22.0663498219924],[88.8960505961814,22.0701296751497],[88.8985395188133,22.0727907447552],[88.9002895097503,22.0748105741363],[88.901789551646,22.0767995997408],[88.903539542583,22.0794796797561],[88.9053294887872,22.0837508042382],[88.906099576751,22.0861098238161],[88.9065996500051,22.0862397259267],[88.9073996599527,22.0875097109139],[88.9090695615906,22.1008595929119],[88.9089106163792,22.1072904816274],[88.9052995668034,22.1122695589394],[88.8992406071801,22.1148996493798],[88.8927896506147,22.1129505796169],[88.8873694677185,22.1096204589421],[88.8808995019033,22.1090406493523],[88.8748195971609,22.1121294466942],[88.8707095307499,22.1171095798387],[88.86095943315,22.127480676963],[88.8563496456246,22.1319795709567]]]}},{"type":"Feature","properties":{"wdpaid":4628,"name":"Lothian Island","designation":"Sanctuary","designation_type":"National","iucn_category":"IV","marine":true,"area_km2":2.467459,"status":"Designated","status_year":1976,"governance":"Sub-national ministry or agency","managing_authority":"Chief Wildlife Warden, State Forest Department","iso3":"IND"},"geometry":{"type":"Polygon","coordinates":[[[88.2922294151735,21.5929096213475],[88.2929794356722,21.5940206601001],[88.2956695485883,21.5969395987667],[88.2959393872283,21.5985096967113],[88.2937794456198,21.5992195846964],[88.2920894792118,21.6008296402581],[88.2911595647892,21.6026195871667],[88.2906996246688,21.6046895816169],[88.2860597390897,21.604909607114],[88.2748595881448,21.5959295957988],[88.2694996040508,21.5912006436672],[88.2631306735523,21.5873804823312],[88.2562695911438,21.5835506398429],[88.249079527712,21.5808504942477],[88.2484995421269,21.5796704556507],[88.2475106622891,21.5771994868402],[88.2462706009214,21.5751796579403],[88.2455297333572,21.5738195523096],[88.2450196268197,21.5720296052444],[88.2452296187971,21.5699795001954],[88.2461695656048,21.5679496383844],[88.2471096875839,21.565660497594],[88.250689581789,21.5626994912271],[88.252119744637,21.5608595542268],[88.2537896462749,21.5590396827236],[88.2549906300294,21.5583496850905],[88.2569396984131,21.5592204562989],[88.2581596941123,21.5605694728454],[88.2605996828156,21.5623395298545],[88.262309540619,21.5627695468279],[88.2634696869607,21.5598095950934],[88.2666197417939,21.5599896634135],[88.2719496260376,21.55993949802],[88.2743496576771,21.5594494577824],[88.2767495150435,21.5585206009613],[88.278199566592,21.5580495713258],[88.2798997450482,21.5582606186713],[88.2801396590094,21.5591595532058],[88.2801697588596,21.5602804477425],[88.2828406855579,21.5609494996221],[88.2849997459191,21.5604506603862],[88.2879095319565,21.5604096467893],[88.2900795068484,21.5601605790223],[88.2915605385961,21.56172046789],[88.2932695169488,21.5621594611107],[88.2954194243755,21.5614395398031],[88.2978395225819,21.561869556104],[88.2995495573534,21.5627595131075],[88.3010205558176,21.5638795276658],[88.3022495265848,21.565660497594],[88.3037194713252,21.5665395423925],[88.305909510089,21.5672096497657],[88.3066595305877,21.5692196216405],[88.3098595739715,21.5739295639138],[88.3142195894238,21.5738695416464],[88.3159296232969,21.5751995490674],[88.3171795409799,21.5774395785966],[88.3176995038327,21.5799295566742],[88.3177296027845,21.5828606419504],[88.3172694865944,21.5844495737282],[88.3158194341476,21.5844794966351],[88.3131595971515,21.5847394786725],[88.3112395704025,21.5854294768024],[88.3062094476809,21.5888896772505],[88.3035695011818,21.5904995561996],[88.3018994225758,21.5925496606873],[88.3007396283738,21.595749704114],[88.298789502673,21.5946395456357],[88.2965896040006,21.5935195308123],[88.293429518579,21.5920995776735],[88.2922294151735,21.5929096213475]]]}},{"type":"Feature","properties":{"wdpaid":9260,"name":"Mount Harriett","designation":"National Park","designation_type":"National","iucn_category":"II","marine":true,"area_km2":12.097439,"status":"Designated","status_year":1987,"governance":"Federal or national ministry or agency","managing_authority":"Chief Wildlife Warden, Forest Department","iso3":"IND"},"geometry":{"type":"Polygon","coordinates":[[[92.8017199996411,11.8420500004141],[92.800890000336,11.8475799997429],[92.7998099998874,11.8436199999149],[92.7944499996238,11.843030000287],[92.7888600001046,11.8419799996607],[92.7834699997038,11.8423199997609],[92.7780800002012,11.8428900001435],[92.7672400000234,11.8461100002389],[92.7607399999349,11.8441000002072],[92.757329999608,11.8398600002507],[92.7543999996801,11.8351599998055],[92.7507900002349,11.8299799998337],[92.747860000307,11.8250600001953],[92.7459000003246,11.8189900000261],[92.7443999997513,11.8134000003421],[92.7412299996239,11.8089300002983],[92.7375900000415,11.8049100002236],[92.7344400000056,11.7997499999879],[92.7336199998479,11.794640000051],[92.7325700004348,11.7895199997787],[92.7298999998996,11.7841299997036],[92.7281600000252,11.778540000077],[92.7280400003746,11.7734499999489],[92.7288799997254,11.7676800002474],[92.732769999553,11.7615199999063],[92.7384000010517,11.7609600003919],[92.7435799995937,11.7594599996907],[92.7487299997951,11.7591199997437],[92.75300999961,11.7562099998835],[92.7620499987407,11.7592000000277],[92.7665799996993,11.7558300001365],[92.7697099996437,11.7515099997949],[92.7751300001818,11.7500100003781],[92.7763100001896,11.7495799999476],[92.7787899998557,11.7535699996937],[92.7738299996252,11.7555399999536],[92.7717099998092,11.7659000004164],[92.7751200001361,11.7703800002531],[92.7802800003832,11.7693400000741],[92.7860599998731,11.7722500000067],[92.7896400000793,11.7790499998814],[92.7918600003528,11.7839600000864],[92.7928899996744,11.7897699996518],[92.7941800001853,11.7948899996569],[92.7962399988286,11.8065100003258],[92.7987599995759,11.8188399999373],[92.8004600001657,11.8260499999786],[92.8024400002397,11.8314199996948],[92.8032400003058,11.8369900002393],[92.8017199996411,11.8420500004141]]]}},{"type":"Feature","properties":{"wdpaid":9228,"name":"Gulf of Mannar","designation":"National Park","designation_type":"National","iucn_category":"II","marine":true,"area_km2":368.015217,"status":"Designated","status_year":1986,"governance":"Sub-national ministry or agency","managing_authority":"Chief Wildlife Warden, State Forest Department","iso3":"IND"},"geometry":{"type":"MultiPolygon","coordinates":[[[[78.8835244108986,9.20410208616198],[78.8775899999945,9.20833999976007],[78.847039987811,9.18668999984969],[78.684060001371,9.15103999988759],[78.696780000267,9.12430000013732],[78.7413600002709,9.12174999967122],[78.8355800000685,9.14849000013063],[78.8877799998941,9.15739999998139],[78.9883700000837,9.16249999972613],[78.9896499996505,9.20323999984698],[78.886510000373,9.20197000009017],[78.8835244108986,9.20410208616198]]],[[[78.2982499999602,8.93584999974767],[78.2702300002479,8.96640999975696],[78.244769998771,8.95112999989071],[78.1925699998437,8.81871000022018],[78.224399999916,8.817440000156],[78.2982499999602,8.93584999974767]]],[[[78.4726904349786,9.04663015380129],[78.6165699998765,9.09755999966898],[78.5821899998179,9.11665999962793],[78.4574100003675,9.08991999969914],[78.4726904349786,9.04663015380129]]],[[[79.1653600003038,9.21088000037399],[79.1437100000852,9.21851999974777],[79.1157000004187,9.22361999984029],[79.0915100002596,9.22361999984029],[79.069860000041,9.21597999998115],[79.0354799999824,9.20323999984698],[79.0354799999824,9.16503999999195],[79.1806400001302,9.16376999991248],[79.1653600003038,9.21088000037399]]]]}},{"type":"Feature","properties":{"wdpaid":9960,"name":"Sundarban","designation":"National Park","designation_type":"National","iucn_category":"II","marine":true,"area_km2":86.95675,"status":"Designated","status_year":1984,"governance":"Sub-national ministry or agency","managing_authority":"Chief Wildlife Warden, State Forest Department","iso3":"IND"},"geometry":{"type":"Polygon","coordinates":[[[88.9810000002131,22.0847299996141],[88.9932899998372,22.1187100004151],[88.9905599999258,22.1536399996737],[88.9672100000158,22.1811300002897],[88.9315600004361,22.1750899998999],[88.9168100003391,22.1409399996865],[88.9306599990142,22.1065000001223],[88.9074600006887,22.0812000002894],[88.8722799996656,22.0841099997962],[88.8498999997011,22.1118000003165],[88.8160299992804,22.1210500000177],[88.7839099996781,22.1044599999727],[88.7584399999522,22.0800300003392],[88.7558099995999,22.0450899997488],[88.784279999574,22.0242400001973],[88.7524500004,21.9965600001103],[88.7236299997232,21.973350000147],[88.7210000002693,21.9374599997481],[88.7352299997843,21.9039599996734],[88.7656799998323,21.8869400003831],[88.7915100003067,21.8607999996812],[88.8281599999692,21.8470999999673],[88.8477499997478,21.8169300003996],[88.8556399999063,21.7807600000657],[88.8928899996184,21.7734599999181],[88.9293400001627,21.7631899996259],[88.9635300002505,21.7513300000229],[88.9930999998664,21.7306099998236],[89.0274400006404,21.7226800003715],[89.0708499997839,21.7352300001145],[89.0668200002142,21.8226899997044],[89.0825200001652,21.8605299996797],[89.0653899999612,21.9278099997442],[89.0224800004098,21.9235700000415],[88.9966900001184,21.9504199996956],[88.9833500001829,21.9844100001527],[88.9716999998931,22.016959999814],[88.9829900003328,22.0504999997489],[88.9810000002131,22.0847299996141]]]}},{"type":"Feature","properties":{"wdpaid":10092,"name":"Mahatma Gandhi Marine","designation":"National Park","designation_type":"National","iucn_category":"II","marine":true,"area_km2":236.353084,"status":"Designated","status_year":1983,"governance":"Federal or national ministry or agency","managing_authority":"Chief Wildlife Warden, Forest Department","iso3":"IND"},"geometry":{"type":"MultiPolygon","coordinates":[[[[92.6169896576906,11.6090505892603],[92.6160495357115,11.6090196101305],[92.6139596501187,11.6087406183003],[92.6130395938081,11.6082597316362],[92.610469527255,11.6077306162291],[92.6090895299256,11.6072405764002],[92.6083796416622,11.6076797458374],[92.6062795467163,11.6076297562598],[92.6048796606865,11.6073697751138],[92.6037094801631,11.6075697326771],[92.6006796477628,11.607040616841],[92.599749559067,11.6065505784398],[92.5985795537151,11.6069897480834],[92.5971794907173,11.6069496146519],[92.5955495461433,11.6064497180438],[92.5939095682858,11.6068697023896],[92.5920395318842,11.60682974493],[92.589699522977,11.607009638368],[92.588069578403,11.6067397986074],[92.5868895397676,11.6071696396584],[92.5852495628085,11.6073606219344],[92.5831505242814,11.6073097523551],[92.5819894957941,11.607049594042],[92.5810395166014,11.6074906996563],[92.5789295653401,11.6079096282637],[92.5756594659406,11.6078297153965],[92.5742495457291,11.60801964041],[92.5719193940355,11.6074996768428],[92.5712396047241,11.6070307596946],[92.5689105076526,11.6067397986074],[92.5668195674378,11.6062305732972],[92.5658794445603,11.6061995938542],[92.5635595013216,11.6056798072841],[92.5616994991016,11.6054096160169],[92.561000522674,11.6049297857124],[92.5490998133682,11.6046397050267],[92.5476995743006,11.6043797237341],[92.5460595973415,11.6045696493366],[92.5437197627074,11.6045096259754],[92.5427896731134,11.6047196179278],[92.5406996123492,11.6042096876067],[92.539769698825,11.6037196486328],[92.5383796691105,11.6032297847896],[92.5365196659922,11.6027205592328],[92.5353496606403,11.6026895802801],[92.5344496708965,11.6017397756244],[92.5352095486088,11.5989796073787],[92.5352806619417,11.5964396389022],[92.5360097364229,11.5950705559757],[92.5360597258718,11.5932197063304],[92.5365596230561,11.5918407648954],[92.5361296058178,11.5904396459956],[92.5366296790718,11.5888295916851],[92.5367796483169,11.5825905639593],[92.5365796887246,11.581200533658],[92.5366606583727,11.5781895371028],[92.5369297927335,11.5763395665857],[92.5370596954118,11.5710195392933],[92.5373506561391,11.5689495438795],[92.5371697075931,11.566859659377],[92.5373796995705,11.5583005130907],[92.5369597156156,11.55643962897],[92.536989639396,11.5548195420172],[92.5365796887246,11.5529595386588],[92.5366296781735,11.5506505093731],[92.5364496099765,11.5485595677404],[92.5358296682259,11.5453095352844],[92.5360896487539,11.5439195047459],[92.5354496413348,11.5413605269131],[92.5354996298854,11.5397406151248],[92.5353197377582,11.5374204960862],[92.5346996199378,11.5341695829315],[92.5343306818506,11.5302196951847],[92.5341196343527,11.5292896055805],[92.5339297080438,11.5274405163979],[92.5339897307761,11.5248896349864],[92.5337795627289,11.5239595453401],[92.53384064188,11.5216494588743],[92.5336295943821,11.520719545991],[92.5336996503978,11.5177104841984],[92.5342595703144,11.5142495799954],[92.5342796359829,11.5130996407285],[92.5345496506927,11.5117196449053],[92.5346797294408,11.5066298506767],[92.5344797707467,11.5049997300641],[92.5349997335995,11.5029297362689],[92.534790621971,11.5017706442921],[92.5348296977876,11.5003797337837],[92.5353406837757,11.4985397978886],[92.5354897726718,11.4923007702418],[92.5359997031395,11.4906898349295],[92.536170618402,11.4835196619547],[92.5359997031395,11.4814296006083],[92.5352206392093,11.4744695950732],[92.5350597563318,11.4719195939899],[92.5350995373259,11.4703005616909],[92.5353697281054,11.4686896266392],[92.5355596526178,11.4610496570699],[92.5358495578246,11.4585197217709],[92.5358796567765,11.4573595739481],[92.5356897322642,11.4554997470361],[92.5357497549965,11.4531896612157],[92.5355497963025,11.4517996320316],[92.535809601659,11.4506505730129],[92.5358395254395,11.4492596632372],[92.5361296058178,11.4474096942328],[92.536170618402,11.445559547608],[92.5364196870943,11.4446405470932],[92.536469675645,11.4430197561181],[92.5367396912531,11.4414107567219],[92.5367997139854,11.4388697332081],[92.5363797300305,11.4372406679306],[92.5362195523305,11.4339897547929],[92.5363696967471,11.4279795539691],[92.5359997031395,11.4237996073136],[92.5360597258718,11.4212596392299],[92.5358495578246,11.4203295497478],[92.5361496723846,11.4177906380517],[92.5357796778786,11.4138497267906],[92.5358995481718,11.4087604609103],[92.536170618402,11.40738046537],[92.5360306833387,11.403670491803],[92.536539555591,11.4016004967459],[92.5366196448901,11.3985894998768],[92.536409653811,11.3976595862154],[92.5364496099765,11.3960396741803],[92.5359095805569,11.3893195837957],[92.5355096640672,11.386759550326],[92.5350597563318,11.3858306917274],[92.535809601659,11.3839897002764],[92.5360306833387,11.3749695562556],[92.5390598096632,11.3752795281712],[92.5411597276411,11.3753296928404],[92.5450897258551,11.3770395513876],[92.5474096690938,11.3775595141135],[92.5490306368031,11.3778305852873],[92.5509096500694,11.3776404830519],[92.5518504772261,11.3774394692823],[92.5537094239256,11.3777096590282],[92.5555595698302,11.3782195889324],[92.5562694580936,11.3777696822738],[92.5567195410004,11.3784795710979],[92.5597395161872,11.3792494819662],[92.5611496115701,11.3790495225989],[92.5620694927093,11.3792996476972],[92.5667394781386,11.379409660188],[92.5676695677326,11.37989952397],[92.5699995442547,11.3799606026588],[92.5711695487083,11.3795194956244],[92.5741995562802,11.3802895842143],[92.5758295008542,11.3803295403464],[92.5763095084397,11.3796395422205],[92.5774596223963,11.3801295817378],[92.5802696047073,11.3801994616323],[92.5816795249188,11.379770500965],[92.5879694216387,11.3799195896892],[92.5898595246072,11.3795094631912],[92.5914794358978,11.380009536229],[92.5924095263901,11.3800304817142],[92.5937995561045,11.3805296749451],[92.5947196124152,11.3810095053],[92.595869550302,11.3817296033367],[92.597499494876,11.3817695601473],[92.5991195831347,11.3825095483103],[92.6000494966589,11.3827594960003],[92.6026195641104,11.3828195190618],[92.6042396523691,11.383319591568],[92.6060994794176,11.3835994628098],[92.6072795171546,11.3831604687976],[92.6081995725669,11.383650509298],[92.6107596067349,11.3837094762806],[92.6116905766779,11.3841896579344],[92.6126294679651,11.3837496080611],[92.6135595566608,11.3837795323054],[92.6149895434391,11.3828795421106],[92.6159196330331,11.383139522662],[92.6168696122259,11.3822296759967],[92.6171295936523,11.3810795611088],[92.6173395856298,11.3822495663028],[92.6174895548749,11.38572050383],[92.6181096726952,11.3889795141418],[92.6180295851927,11.3922096557236],[92.6184596006344,11.3938396012572],[92.6184395349659,11.3947696903281],[92.6190795432833,11.3970996668286],[92.6195294501203,11.3980396132214],[92.6204195826505,11.3996795913917],[92.6213296065761,11.4006195380573],[92.6222496628867,11.401109578411],[92.6236595821998,11.4011395008284],[92.6245796376121,11.4013994822974],[92.6259995920054,11.4007395836729],[92.6273996550032,11.4009995646272],[92.6285594510019,11.4007996055811],[92.6304294874036,11.4008395632347],[92.6327694963108,11.4004296122005],[92.6337094431184,11.4004595355701],[92.6358296019362,11.4000406081089],[92.6379196635988,11.4000895417468],[92.640039472972,11.3996795913917],[92.6421395679179,11.3997295809232],[92.643079689897,11.3992897074398],[92.6442296277838,11.4002396870974],[92.6447196677544,11.3988695471807],[92.6449395169455,11.3997996374044],[92.6460595328485,11.4014396151037],[92.6462696999974,11.4023795621109],[92.646639693605,11.4067795331512],[92.6465897041561,11.4086295031909],[92.646089630902,11.4102395568825],[92.6460105980217,11.413249498618],[92.6457606498787,11.4141695545648],[92.6459695863357,11.4153295270959],[92.6459394855872,11.4162495833432],[92.6456795050591,11.4171696392488],[92.6456495812787,11.4183296109622],[92.6453996331357,11.4192496671664],[92.6444096968791,11.4217695693563],[92.64389959124,11.4233796242142],[92.6431696364098,11.4247495868335],[92.6421995888536,11.4261195507577],[92.6414596016383,11.4277195721955],[92.6414096121894,11.4297996002096],[92.6411395983779,11.4311795967494],[92.6406595907924,11.4318695947002],[92.6398995370102,11.4341606713733],[92.6381896792069,11.4373605378029],[92.6377094973482,11.4380396230656],[92.6369805980384,11.4394095861266],[92.6364796453337,11.4405605811509],[92.635970595215,11.4421695792161],[92.6354796757937,11.4433107168563],[92.635220573818,11.444229717287],[92.634729655295,11.4453807112021],[92.6342396162227,11.4462896792403],[92.6337196515733,11.4483596729264],[92.6334496368635,11.4499797606617],[92.6329296740108,11.452049756402],[92.6321294879933,11.4561897455704],[92.6318496160699,11.458040595662],[92.6313595760993,11.459420767931],[92.6313296532172,11.4603397679615],[92.6310596376091,11.4619596796468],[92.6305606216721,11.4630997610785],[92.6304895101359,11.4661097027043],[92.6306595450495,11.4688895861881],[92.6306195879857,11.4707406119178],[92.6314495217138,11.4749196784234],[92.6318795389521,11.4760896827784],[92.6329995539567,11.4784296919025],[92.6338696208184,11.4807705822098],[92.6349896358231,11.482649595117],[92.6352094850141,11.4835796848005],[92.6358795931818,11.4847496893357],[92.6363196428052,11.4859205737436],[92.6365294587128,11.4868496068159],[92.6369805980384,11.4877906100525],[92.6383296151686,11.4896696228398],[92.6389997233362,11.491069685983],[92.6394496310716,11.4917797513271],[92.6398796474115,11.4929497552823],[92.6414696349217,11.4950706199565],[92.6430506455672,11.4974197832588],[92.6441997049017,11.4981407596045],[92.6450996946455,11.4993207979031],[92.6462496334306,11.500270777967],[92.6467005957881,11.5009797857933],[92.647620652997,11.5016896747514],[92.6487595020799,11.5028797456074],[92.6499096160365,11.5033697848683],[92.6512896133658,11.5043296217148],[92.6519796111322,11.5050396870823],[92.6540696718964,11.5053197346356],[92.6552396772483,11.5055797162955],[92.6564195389155,11.5049106638854],[92.6580795833398,11.5037906490676],[92.6599906323257,11.5019897888683],[92.6614396283538,11.5001697419947],[92.662649765941,11.4981097814177],[92.6634096436533,11.4960496429207],[92.6641406549023,11.4946796799011],[92.6651096451414,11.4933107718647],[92.6660795148311,11.4914796368963],[92.6672996848035,11.4896606462817],[92.6682695553915,11.4880597447178],[92.6689796197247,11.487389636567],[92.669459626412,11.4866996376892],[92.6699595226979,11.4857896147576],[92.6709095027889,11.4848896246346],[92.6716496669723,11.4835196619547],[92.6723606107562,11.4830706346388],[92.672839561923,11.4821505782394],[92.675919559842,11.4806096997736],[92.6768596818212,11.480400587683],[92.6782597439208,11.4804296310627],[92.6794197159892,11.4806896127982],[92.6810496596649,11.4811896851471],[92.6819797501573,11.4812106319584],[92.6836406749305,11.4831097109114],[92.6849296693283,11.4847597215646],[92.68535968477,11.486389667026],[92.6860195853811,11.4880196118683],[92.6859996939857,11.4889497023258],[92.6866606492189,11.4905796473318],[92.6870906655589,11.4922097677763],[92.6881897354444,11.4952496317638],[92.6881696688776,11.4957097489996],[92.6909094191031,11.4983206532686],[92.6897293813661,11.4989897046123],[92.6855497871487,11.4979596360636],[92.682729770656,11.4985897866798],[92.6806096109399,11.4992297959446],[92.6787395754365,11.4994197206201],[92.677310645077,11.5005397360996],[92.6761196937076,11.5012096677306],[92.6751596812314,11.5023506301337],[92.6730296634034,11.5034496993617],[92.6725496567161,11.5041296644109],[92.6701696907451,11.5063897603732],[92.6687296706834,11.5075198077107],[92.6675306227984,11.5088804427107],[92.666590676889,11.5093204916895],[92.6658596656401,11.5104595181178],[92.6643795142414,11.5136595610702],[92.6638695837737,11.5154994967081],[92.6640806321699,11.516659644744],[92.663549579615,11.5189706110668],[92.663279740975,11.5208096678249],[92.6631996516759,11.5238196092164],[92.6636096032457,11.5261395519214],[92.6637796381593,11.5289196123275],[92.6641996212158,11.5310195303134],[92.6643895466265,11.5328694998765],[92.6643296999639,11.535419676851],[92.6647396506354,11.537739619673],[92.6651797002588,11.5386795672453],[92.6665596966898,11.5396295472227],[92.6686196594005,11.5413005040728],[92.6696896840579,11.5454896029537],[92.6694297026315,11.5468805128866],[92.668450679109,11.5487095373215],[92.6674496540486,11.551229613651],[92.6667395897154,11.5516696640512],[92.6667196992184,11.5526006344007],[92.6662196268626,11.5537396586818],[92.6656994879401,11.5562796268076],[92.6663206621793,11.5592996019346],[92.6669897139282,11.5607096979715],[92.666459717792,11.5634696913598],[92.665729586892,11.5643795384345],[92.6649895987784,11.5659797358563],[92.6647396506354,11.5669006715976],[92.6621896488524,11.5659197130077],[92.6614596949206,11.567289676185],[92.661189504141,11.5686696733318],[92.6604496920972,11.5700405163131],[92.6592506442121,11.5716296252204],[92.6587597238925,11.5725505608528],[92.6578196019134,11.5727496404047],[92.6568495561538,11.5741206587701],[92.6559096093462,11.5747895347492],[92.654249564922,11.5754496095618],[92.6526006101999,11.5758695929958],[92.650249686762,11.576969718144],[92.6481295270459,11.5773805486536],[92.6469697310472,11.5768896292165],[92.6453695332855,11.5754696763411],[92.644690624323,11.5745295529592],[92.6440395272017,11.5726605728434],[92.6438297112941,11.5714997217733],[92.6434396511196,11.5682507448527],[92.6440006256583,11.5647896648835],[92.6444896092102,11.56386960756],[92.6447395582514,11.562719670048],[92.6452295982221,11.561810526931],[92.6457296696795,11.5606595318954],[92.6464895491884,11.5581396301316],[92.6467606194187,11.556749600721],[92.6463195133765,11.5555896289219],[92.6458696056412,11.554879563724],[92.6432506051596,11.5568995703206],[92.64132969896,11.5587095826436],[92.640349619917,11.5607697210567],[92.6393896074409,11.5621305310071],[92.6388895341868,11.5635105280606],[92.6380295006086,11.5697396978447],[92.6388895341868,11.5727697056176],[92.6379094551439,11.5748296684011],[92.6378797083316,11.5762207529788],[92.6373696017941,11.5778197192818],[92.6368795618235,11.5787395987353],[92.6363295000188,11.5821996243558],[92.6351195393997,11.5837896119619],[92.6341695593086,11.5844595437138],[92.6332197552874,11.5853597101387],[92.6317705831896,11.586950754259],[92.6308297560329,11.5876196303459],[92.6300895918495,11.5889897697157],[92.6293694951313,11.5896695590813],[92.6286495726862,11.590809639839],[92.6281195774483,11.5933397508552],[92.6276305929981,11.5940197161918],[92.6261096050849,11.5990795861045],[92.6260796813045,11.6000107321856],[92.6255896422322,11.6013796386513],[92.6250196890322,11.6017397756244],[92.6249496330164,11.6041896220116],[92.6241496221705,11.6057496867056],[92.6238296180118,11.6058797660587],[92.6238396512952,11.6059705917272],[92.6228896712041,11.6064095862945],[92.6224094893454,11.6070907833932],[92.6214595092544,11.6077596587476],[92.6200406121782,11.6084206139103],[92.6191096431335,11.6083996677972],[92.6169896576906,11.6090505892603]]],[[[94.2850096061902,13.4551897181783],[94.2837795790043,13.4558594743345],[94.2829095121426,13.4555095468697],[94.2829695348749,13.4554206565875],[94.2822496133281,13.4537995129122],[94.2812996332371,13.4526495740599],[94.2796496220963,13.4501196390031],[94.2784606065963,13.4480396112326],[94.2777496628124,13.4464195236992],[94.2770395975809,13.4452704650563],[94.2751505519295,13.4429596747803],[94.2737295420159,13.4413506769712],[94.2727697056096,13.4399696239484],[94.2711195192972,13.4371995981938],[94.2703995968521,13.4355795099207],[94.2694496167611,13.4339606540302],[94.2682595457407,13.4307298077119],[94.2677795399518,13.4288796617572],[94.2677496161713,13.4235496011537],[94.2682095571901,13.4214697492452],[94.2695995860062,13.4168296868076],[94.2709994729343,13.4152007981382],[94.2724095692155,13.4144997108194],[94.2735797497389,13.4135597638223],[94.2747495781227,13.4128597333969],[94.276159674404,13.412159700932],[94.2782696256652,13.4114496367467],[94.2799096044209,13.4107496054165],[94.2820295880673,13.4102697753198],[94.2834296510651,13.4100296838368],[94.2855494586417,13.4100198271133],[94.2876696201544,13.4106996158958],[94.2911995240122,13.4122996371586],[94.2921496801731,13.4139197252732],[94.2945196128607,13.4176098073768],[94.2959395663556,13.4192196861459],[94.297129637376,13.4222296276408],[94.2976196773466,13.4247697716101],[94.2980995070657,13.426390740234],[94.2976496002287,13.4305597719887],[94.2962396800173,13.4321897167767],[94.2964896281602,13.4340396869235],[94.2960295119701,13.4354295411102],[94.295559714636,13.43751960205],[94.2953395142037,13.4391395138314],[94.2946495164373,13.441229574762],[94.2948896073667,13.4428496633028],[94.2953696131556,13.4444695740179],[94.2953796473373,13.4460896616283],[94.2939795843394,13.4495695765766],[94.2925795213416,13.4511995223055],[94.2914096920595,13.4523594925957],[94.2902495448195,13.4539904939463],[94.2885995327804,13.4544595884225],[94.2878996778004,13.4542406191294],[94.2850096061902,13.4551897181783]]]]}},{"type":"Feature","properties":{"wdpaid":13190,"name":"Barren Island","designation":"Sanctuary","designation_type":"National","iucn_category":"IV","marine":true,"area_km2":2.921124,"status":"Designated","status_year":1977,"governance":"Federal or national ministry or agency","managing_authority":"Chief Wildlife Warden, Forest Department","iso3":"IND"},"geometry":{"type":"Polygon","coordinates":[[[93.8613099991951,12.2859699998164],[93.8603600002395,12.286420000101],[93.8594299995786,12.2859400003552],[93.8580300003612,12.2856799999078],[93.8573399998999,12.2851999996896],[93.8561699999379,12.2849500004178],[93.8547799998678,12.2842299999588],[93.8538500001053,12.2839799997654],[93.8529200003428,12.2834999999569],[93.8513100001647,12.2818500002467],[93.8501600002942,12.2809000001894],[93.8494699989346,12.2801900003931],[93.8490299996168,12.2790200001976],[93.8481099999001,12.2776199999418],[93.8472100002748,12.2757499998497],[93.8465299998592,12.2748100002608],[93.8465599999964,12.2734200001542],[93.8458799995809,12.2724800001488],[93.8456600003712,12.2715500000824],[93.8457899991692,12.2650799999783],[93.8460400003128,12.2641600001895],[93.8465299998592,12.2630100001074],[93.8465599999964,12.2616200000744],[93.8472799996967,12.2607099998154],[93.8489900003322,12.2570399997335],[93.8494699998329,12.2563500004389],[93.8499700003234,12.2549800003568],[93.8504599998698,12.2540599995631],[93.8509399993705,12.2533799999677],[93.8511999996616,12.2519900000923],[93.8519200002601,12.2510799999652],[93.8528699992158,12.2501700002111],[93.8531300004051,12.2487899998732],[93.8536099999058,12.2481000000707],[93.854329999606,12.2474200000399],[93.854810000005,12.246740000013],[93.8557599998591,12.24651999981],[93.8569299998211,12.2467800002697],[93.8578699996293,12.2461000003498],[93.8599700002521,12.2466100002345],[93.8609100000604,12.2466200000846],[93.8629899996934,12.2478200004251],[93.8636800001547,12.2487599996903],[93.865060000179,12.2497099997298],[93.866230000141,12.2499699996806],[93.8664500002491,12.2509000003786],[93.8671399998121,12.2513700002114],[93.8682999997283,12.2516300002822],[93.8696999998441,12.2523500002891],[93.8710799998684,12.2532999996935],[93.8717600011823,12.2544699999696],[93.8729200002003,12.2554199996402],[93.873579999626,12.2570500000663],[93.8742600000416,12.258449999892],[93.8744700001039,12.2596099999108],[93.8751599996669,12.2603199998716],[93.8753699997292,12.2614799995637],[93.8764900003608,12.2640500003529],[93.8769299996785,12.2654499998752],[93.8771399997408,12.2666099998146],[93.8775900000026,12.268009999782],[93.8782300011335,12.2707899997232],[93.8784400002975,12.2721900003011],[93.8781800000065,12.2733399998175],[93.878159999915,12.2745000001275],[93.8776800004143,12.275179999659],[93.8774200001233,12.2763300001631],[93.8774000000318,12.2774899995905],[93.8768800003481,12.2800199999599],[93.8763899999034,12.2811700003882],[93.8756600001574,12.2825499997115],[93.8747200003491,12.2827600003289],[93.8723400002421,12.2843299999697],[93.8714099995813,12.2840900000553],[93.8706999999268,12.2847700002683],[93.8697500000728,12.2852099998311],[93.8690599996115,12.2847299996332],[93.8683399999113,12.2854099999477],[93.8671599999036,12.2856200000381],[93.8664700003405,12.2851499998542],[93.8657599997878,12.2855999997859],[93.8645899998258,12.2857999996061],[93.8629500004087,12.2857700001255],[93.8613099991951,12.2859699998164]]]}},{"type":"Feature","properties":{"wdpaid":13220,"name":"Interview Island","designation":"Sanctuary","designation_type":"National","iucn_category":"IV","marine":true,"area_km2":17.577087,"status":"Designated","status_year":1977,"governance":"Federal or national ministry or agency","managing_authority":"Chief Wildlife Warden, Forest Department","iso3":"IND"},"geometry":{"type":"Polygon","coordinates":[[[92.6883600003268,12.7770799996345],[92.6890599999355,12.7777799996339],[92.6899999997437,12.7789400003939],[92.6911799997515,12.7807900003945],[92.6921199995598,12.7814799995726],[92.6925799998673,12.7828700002806],[92.6932800003743,12.7835700000033],[92.6939799999831,12.7868100002989],[92.6937499998293,12.7875099996109],[92.6939799999831,12.7881999996988],[92.6944500003364,12.7907500001499],[92.6946899996376,12.7923700001523],[92.6946899996376,12.793289999655],[92.6958499995538,12.7965400000257],[92.6982000004219,12.7995499995927],[92.6991300001844,12.8021000000804],[92.6991300001844,12.8032500001248],[92.7000699999927,12.8046400000474],[92.700540000346,12.8067299996027],[92.7014800001542,12.8076500001545],[92.7007799996472,12.808810000253],[92.7007799996472,12.8102000001725],[92.7000699999927,12.8111300001983],[92.7000699999927,12.8120600002952],[92.6991300001844,12.8127499997876],[92.6986599998312,12.8136800000361],[92.6977200000229,12.8141399998694],[92.6974899998691,12.8150700002419],[92.6963099998614,12.8164599997845],[92.6956100002526,12.8169199997964],[92.6956100002526,12.817850000415],[92.6951399998993,12.8190000004052],[92.6944400002906,12.8196999996939],[92.6944400002906,12.8215500002706],[92.6951399998993,12.8231700002782],[92.6962999998156,12.8236399996757],[92.6984199996316,12.8240999997084],[92.6991200001387,12.8245599997763],[92.7014700001085,12.8245599997763],[92.7028699993259,12.8247900003709],[92.7045099987429,12.8254900002018],[92.7075700001638,12.8266499995889],[92.7084999999263,12.8273400002672],[92.7099100000879,12.8280400000121],[92.7117799996586,12.8296600002866],[92.7127200003652,12.8305800002752],[92.7134199999739,12.8312799997644],[92.7141299996284,12.8321999999596],[92.7155299997442,12.8333599999411],[92.7167099997519,12.8354500002218],[92.7181099998677,12.8363700000528],[92.718580000221,12.8372999997358],[92.719750000183,12.8389199999247],[92.720920000145,12.8398499998095],[92.720920000145,12.8405400001847],[92.7221000001528,12.8423899999039],[92.7232700001148,12.8437800000363],[92.7239700006219,12.8449400000142],[92.7242099999231,12.8458700003948],[92.7249100004301,12.8470300003582],[92.7251399996856,12.8493399998704],[92.7258500002384,12.8500399996689],[92.7260800003921,12.8521199996203],[92.7260700003464,12.8537399997246],[92.7258500002384,12.854440000396],[92.7260700003464,12.8560600004207],[92.7263099996476,12.8569800001057],[92.7258400001926,12.8579099996923],[92.7258400001926,12.8586100001218],[92.7256100000389,12.8595300000945],[92.7251399996856,12.860690000013],[92.7249000003844,12.8618499998243],[92.7249000003844,12.8630100004036],[92.7253599997936,12.8646300002862],[92.7265399998013,12.866939999865],[92.7267800000009,12.8676399996245],[92.7279399999171,12.8699500003823],[92.7291199999249,12.8713400003008],[92.7295800002324,12.8727300003955],[92.7307600002402,12.8750499997622],[92.7310000004397,12.8762099997132],[92.7314599998489,12.8768999999762],[92.7319300002022,12.8801399998323],[92.7317000000485,12.8817600002509],[92.732629999811,12.8838500003813],[92.7328599999647,12.8852400002695],[92.732629999811,12.8866300003248],[92.7326300007093,12.8894100000576],[92.7328599999647,12.890559999849],[92.7326299989126,12.8912600001816],[92.7326199997652,12.9049299998916],[92.7328599999647,12.9067799999718],[92.732849999919,12.9102500002593],[92.733319999374,12.9127999999693],[92.7335500013244,12.9146499995947],[92.7330900001185,12.9158099998796],[92.733550000426,12.9174299996281],[92.733550000426,12.9216000003345],[92.7337899997272,12.9232200001798],[92.7342500000348,12.9250699996822],[92.7342500000348,12.9271600003622],[92.7347200003881,12.9297099999166],[92.7351799997973,12.9331800003464],[92.7351799997973,12.936189999719],[92.7337799996815,12.9378100002926],[92.7333100002265,12.9387399997914],[92.7316699999112,12.9408199998246],[92.7309600002567,12.9424499999817],[92.7304899999035,12.9442999996023],[92.7300200004485,12.9475400004044],[92.7300200004485,12.9493899998911],[92.7304799998577,12.9517100003679],[92.7304799998577,12.9542600001304],[92.730950000211,12.9565699996984],[92.7307200000573,12.9579600002435],[92.7311900004105,12.9595800002514],[92.731419999666,12.9612000002237],[92.7314099996202,12.9644499999414],[92.7316499998197,12.9662999998703],[92.7316499989214,12.9686200003629],[92.7314099996202,12.970240000143],[92.7314099996202,12.9711599997524],[92.7295400009478,12.9753299997493],[92.7290599996504,12.9760300003932],[92.7276500003872,12.9792699996615],[92.7255399997186,12.9822799995672],[92.7245999999104,12.9834400001933],[92.7234299999484,12.9850599997031],[92.7215500003319,12.9866800000302],[92.7199100000166,12.987609999903],[92.718499999855,12.9887700001544],[92.7166200002386,12.9896900003352],[92.7159199997315,12.9899300002406],[92.715210000077,12.9899300002406],[92.7131000003068,12.9894599999529],[92.7116900001452,12.9894599999529],[92.7105200001832,12.9890000003002],[92.7032500001658,12.9871500003258],[92.7023100003576,12.9866800000302],[92.6999600003878,12.9857600000814],[92.6987900004258,12.9850599997031],[92.6973800002643,12.9843699999387],[92.6964399995577,12.9832100001524],[92.6950400003402,12.9825199996278],[92.6938600003325,12.9811299997445],[92.6929199996259,12.9809000001919],[92.6919899998634,12.979739999966],[92.6901100002469,12.978579999579],[92.6894099997398,12.9776500000531],[92.6887100001311,12.9771900004231],[92.6875300001234,12.9762600000747],[92.6856499996085,12.9753400000725],[92.684719999846,12.9744099998078],[92.6840100001916,12.9744099998078],[92.6832999987404,12.9737200002443],[92.68260000003,12.9734799995668],[92.6823699998763,12.9727900000491],[92.6816600002218,12.9725599997846],[92.6804900002598,12.9716299996289],[92.6788499999445,12.9700100001467],[92.6781500003357,12.9695500003916],[92.6772099996292,12.9681599997885],[92.6760399996672,12.9656099996974],[92.6755700002122,12.9644499999414],[92.6748699997051,12.9621399999462],[92.6748699997051,12.9595900003322],[92.6760399996672,12.9575000001034],[92.6767500002199,12.9558799996953],[92.6772199996749,12.9544899997971],[92.6776900000282,12.9521800001989],[92.6783999996827,12.95078999979],[92.6795699987464,12.9491700003924],[92.6809799998062,12.9482400004056],[92.6816800003133,12.9470800002835],[92.6826200001215,12.9461600001211],[92.6826200001215,12.9454600004062],[92.6830900013731,12.9447700002766],[92.6835599999298,12.9424499999817],[92.6840400003288,12.9412900000555],[92.6840400003288,12.9348099996545],[92.683329999776,12.9336500000901],[92.6826300001673,12.9313299996656],[92.681690000359,12.9301800000674],[92.680989999852,12.9290199999918],[92.6802900002432,12.9271600003622],[92.6798199998899,12.9264700003926],[92.6798199998899,12.9257699997054],[92.6788900001274,12.9239200001364],[92.6786499999279,12.9232299999678],[92.6779500003192,12.9197499996408],[92.6774799999659,12.9181300000525],[92.6777100001197,12.9172099999652],[92.6777100001197,12.9158199999643],[92.6779500003192,12.9148900000049],[92.6781799995746,12.9132700004241],[92.6781799995746,12.9116499999731],[92.6784199997741,12.9097899997051],[92.6784199997741,12.9083999995872],[92.6786599999737,12.9060899997532],[92.6786700000194,12.9044700000567],[92.6788900001274,12.9035399998999],[92.6789000001732,12.9016900003692],[92.679130000327,12.9000700001929],[92.6791400003727,12.8991400003136],[92.6781999996661,12.8961300002515],[92.677960000365,12.8945099999775],[92.6772599998579,12.8926600002288],[92.6770299997041,12.891040000263],[92.6770299997041,12.8903400001909],[92.6772699999036,12.8882600002382],[92.6772699999036,12.8847800001461],[92.6765700002949,12.8829300003144],[92.6756299995883,12.8815399998681],[92.6753900002871,12.8801499995913],[92.6739900001713,12.8782999997237],[92.6728100001636,12.8759799997872],[92.6718800004011,12.8745900001976],[92.6711699998483,12.874129999789],[92.670710000439,12.8729699998459],[92.6704700002396,12.872040000039],[92.6697699997325,12.8711200004048],[92.6690700001238,12.8699599996721],[92.6690700001238,12.8692600002576],[92.6683699996167,12.8678700001949],[92.6679000001618,12.8671799996023],[92.6655600002377,12.8625499997737],[92.6650799998387,12.8604599998664],[92.6643800002299,12.8590700000918],[92.6641500000762,12.8581500001846],[92.6632200003137,12.8562900002202],[92.6627399999146,12.8556000001897],[92.6622799996071,12.854440000396],[92.6613399997988,12.8509700004374],[92.6613499998446,12.8486500000115],[92.6618100001521,12.8463300000546],[92.6620500003517,12.844710000331],[92.6636999998144,12.8410100004094],[92.6648699997764,12.8396199998475],[92.6655700002835,12.8372999997358],[92.6665099991934,12.836379999804],[92.666980000445,12.8347500000759],[92.6676900000994,12.8338299995735],[92.6688600000615,12.8312799997644],[92.6693300004147,12.8296600002866],[92.6700400000692,12.8282700000538],[92.670739999678,12.8271100002513],[92.6714500002308,12.8254900002018],[92.6716800012829,12.8243299998474],[92.6726200001928,12.8215500002706],[92.6733199998015,12.8206299996802],[92.6738000002005,12.8196999996939],[92.6742599996098,12.8190000004052],[92.6756699997713,12.815760000249],[92.6761500001703,12.8148400004034],[92.6766099995795,12.8127499997876],[92.6773200001323,12.8111300001983],[92.6777899995873,12.8095099998285],[92.6777899995873,12.8081199996069],[92.6775600003319,12.8069599998365],[92.6773200001323,12.8051099998566],[92.6773200001323,12.80302000001],[92.6768599998248,12.8023300001585],[92.6768599998248,12.8011700000248],[92.6763900003698,12.7997800002447],[92.6756899998628,12.7983899998112],[92.6749800002083,12.7972299999507],[92.6740500004458,12.7965400000257],[92.6726400002843,12.7946899998129],[92.6716999995777,12.7939900002669],[92.6719399997772,12.7909800000644],[92.674289999747,12.785649999769],[92.675459999709,12.7840299995655],[92.6780399998326,12.7814799995726],[92.6789799996408,12.7810199997459],[92.6799200003474,12.7798599997769],[92.6815599997644,12.7791699996777],[92.6839099997341,12.7773200000781],[92.6864899998577,12.7766199996803],[92.6883600003268,12.7770799996345]]]}},{"type":"Feature","properties":{"wdpaid":14177,"name":"Sundarbans National Park","designation":"World Heritage Site (natural or mixed)","designation_type":"International","iucn_category":"Not Applicable","marine":true,"area_km2":28.339505,"status":"Inscribed","status_year":1987,"governance":"Not Reported","managing_authority":"Not Reported","iso3":"IND"},"geometry":{"type":"Polygon","coordinates":[[[88.9670963325897,22.1926344996574],[88.9607529995851,22.1907314996139],[88.9502865000378,22.1907314996139],[88.9436259997542,22.1935859999914],[88.9464804998757,22.1859739998379],[88.9436259997542,22.1840710002344],[88.9398199995921,22.1821679998123],[88.9350625002878,22.1783619998504],[88.9264989999232,22.1783619998504],[88.9236444998016,22.1707500002077],[88.9207899996801,22.1650410003938],[88.9074690000112,22.1697984999736],[88.9074690000112,22.1707500002077],[88.9027114998086,22.1717014998261],[88.8960510004233,22.168846999956],[88.8960510004233,22.1631380002571],[88.9074690000112,22.1536230002883],[88.9103235001327,22.1412535003616],[88.9103235001327,22.1355445003611],[88.9141295002948,22.1298355002888],[88.9284020000042,22.1193689999192],[88.9312565001258,22.1089024997028],[88.9274504999637,22.0974844998502],[88.9207899996801,22.0851149996616],[88.9103235001327,22.0851149996616],[88.9074690000112,22.0889210002265],[88.8941480003423,22.0917755001163],[88.8817784998156,22.0889210002265],[88.8713120002682,22.0908239999073],[88.8627484999036,22.0984360001041],[88.8570394996605,22.1041450000558],[88.8532335003967,22.1146114996708],[88.8513305003157,22.1203204998435],[88.8465730001131,22.12412650022],[88.84086399987,22.1269810000412],[88.8313490003632,22.1269810000412],[88.819930999877,22.1260295001454],[88.8123189995529,22.1288839996972],[88.8047070001271,22.1260295001454],[88.8047070001271,22.1165144998943],[88.7999494999245,22.1136600003303],[88.7885315003366,22.1089024997028],[88.783774000134,22.1050965003374],[88.781871000053,22.0974844998502],[88.7809195000125,22.0908239999073],[88.7761619998099,22.0870179998662],[88.764744000222,22.0841635003469],[88.7580834999384,22.0784544996919],[88.7542774997764,22.0689395003381],[88.7485685004316,22.0641820001627],[88.7495199995738,22.0480065003063],[88.7561804998574,22.0356369998704],[88.7609380000599,22.0213644997944],[88.7580834999384,22.006140499655],[88.7533259997358,21.995673999819],[88.7485685004316,21.9842560001257],[88.7352474998643,21.9804500001504],[88.7257325003575,21.9785469997962],[88.7228780002359,21.9461960000528],[88.7228780002359,21.9385840002102],[88.7209750001549,21.9328749996549],[88.7162174999524,21.9243115001813],[88.7162174999524,21.9109904997587],[88.7209750001549,21.9100390000314],[88.726684000398,21.9033784998647],[88.7323929997428,21.9014754999044],[88.7400050000669,21.8995725003717],[88.7466655003505,21.8957665000996],[88.7495199995738,21.8900575000504],[88.7561804998574,21.8872030001659],[88.7580834999384,21.8805424999994],[88.7714044996073,21.8776879997637],[88.7733074996883,21.8691244999171],[88.779967999972,21.8615124995965],[88.779967999972,21.8558034996554],[88.7723559996478,21.8539005003821],[88.7714044996073,21.8405795003677],[88.7790164999314,21.8424825002716],[88.7894830003771,21.8424825002716],[88.8018525000055,21.841530999734],[88.8180279997959,21.8472399996676],[88.8303975003227,21.8424825002716],[88.8323005004037,21.8358220002682],[88.8323005004037,21.8234524997965],[88.8361064996675,21.8044225001106],[88.8323005004037,21.7920530002121],[88.8303975003227,21.7834894999387],[88.8303975003227,21.7768289995856],[88.8399124998295,21.7739744995983],[88.8522820003562,21.7749260003448],[88.8608454998226,21.7711200003666],[88.8703605002277,21.7654110000359],[88.8741665003898,21.7568475000172],[88.878923999694,21.745429500275],[88.9188869995991,21.7254480003999],[88.9255474998827,21.7311569997463],[88.9274504999637,21.746381000021],[88.9245959998422,21.7587504995844],[88.9303050000853,21.7644594995882],[88.9407714996326,21.7606534997876],[88.9474319999162,21.7587504995844],[88.9588500004024,21.7558960003688],[88.9636074997067,21.7530415002993],[88.9674134998687,21.745429500275],[88.9702679999903,21.7359144999951],[88.9788315003549,21.744478000067],[88.9854919997402,21.7473325001391],[88.9892979999023,21.7406719996294],[88.9788315003549,21.7368660001727],[88.9788315003549,21.7311569997463],[88.9912009999833,21.7244964997498],[89.0026189995712,21.7187874996716],[89.0102309998953,21.7159330001979],[89.0178430002194,21.7187874996716],[89.0283094997668,21.7187874996716],[89.0425820003746,21.7225934995904],[89.0597090002055,21.7263994997607],[89.0578060001245,21.7321084997096],[89.0501939998003,21.7387689999857],[89.041630500334,21.745429500275],[89.0321154999289,21.7558960003688],[89.0283094997668,21.7692169996346],[89.0245034996047,21.7749260003448],[89.0245034996047,21.78729550029],[89.0235519995642,21.799664999699],[89.0254549996453,21.8091800001192],[89.0292609998073,21.8263069997143],[89.0330669999694,21.8396279996712],[89.0340185000099,21.8529489999938],[89.0340185000099,21.8605609998911],[89.0302124998478,21.8691244999171],[89.0245034996047,21.874833499943],[89.0168915001789,21.8833969998073],[89.0149885000979,21.8910089998176],[89.0178430002194,21.9014754999044],[89.020697500341,21.9109904997587],[89.0235519995642,21.9166994996566],[89.0273579997263,21.923360000288],[89.0330669999694,21.9252630003814],[89.01879450026,21.9338265001012],[89.0111824999358,21.9404870000345],[89.001667500429,21.9471474997151],[89.0007160003885,21.9557110000673],[89.0054734996927,21.9642745001802],[89.0102309998953,21.9690320003034],[89.0149885000979,21.9728379998004],[89.0168915001789,21.9804500001504],[89.0121339999763,21.9852074997913],[89.0054734996927,21.9823529999834],[89.0007160003885,21.9775954996329],[88.9950070001454,21.9737895001899],[88.9931040000644,21.9804500001504],[88.9892979999023,21.9852074997913],[88.9816859995782,21.9880619996606],[88.9778800003144,21.9899649998806],[88.9788315003549,21.9937710003791],[88.980734500436,21.9985284998334],[88.9778800003144,22.0070919999449],[88.9731225001118,22.0108979997015],[88.9712195000308,22.0128009999822],[88.9797830003954,22.0299279999213],[88.9816859995782,22.0375400000417],[88.9816859995782,22.0403945002055],[88.9750255001929,22.0442005002352],[88.9702679999903,22.0461035001629],[88.9645589997472,22.0499094998301],[88.9664619998282,22.0546669998651],[88.9683649999093,22.0622790003796],[88.9702679999903,22.067036499671],[88.9721710000713,22.0794060000101],[88.9788315003549,22.0917755001163],[88.9816859995782,22.0993874997685],[88.9873949998213,22.1098540003505],[88.9912009999833,22.1212720000024],[88.9931040000644,22.1326900001212],[88.9940555001049,22.1431565002403],[88.9940555001049,22.1460109996749],[88.9886727293454,22.1531880293129],[88.9826374996187,22.1545745001218],[88.9797830003954,22.1593320001182],[88.9731225001118,22.1659925003738],[88.9702679999903,22.1764590003163],[88.9674134998687,22.1878770002837],[88.9670963325897,22.1926344996574]]]}},{"type":"Feature","properties":{"wdpaid":26377,"name":"Gulf Of Mannar","designation":"National Park","designation_type":"National","iucn_category":"Ib","marine":true,"area_km2":368.014827,"status":"Designated","status_year":1989,"governance":"Federal or national ministry or agency","managing_authority":"Chief Wild Life Warden, Wild Life Wardens and other officers appointed by the Chief Wild Life Warden","iso3":"IND"},"geometry":{"type":"MultiPolygon","coordinates":[[[[78.8835244108986,9.20410208616198],[78.8775895598201,9.20833960782155],[78.8470395341618,9.18668968060425],[78.6840594785515,9.15103965311672],[78.6967795618892,9.12429957883676],[78.7413596113004,9.12174957836765],[78.8355795778602,9.14848982718739],[78.8877795318718,9.15739978181234],[78.9883696623171,9.16250066486621],[78.9896495028822,9.20324048578679],[78.886509547622,9.20197067757073],[78.8835244108986,9.20410208616198]]],[[[78.2243997995917,8.8174400081453],[78.2982495858368,8.93584961106107],[78.270229496293,8.96641072471192],[78.2447696160887,8.95112972835393],[78.1925696629755,8.81870973124835],[78.2243997995917,8.8174400081453]]],[[[78.6165695507189,9.09755968211763],[78.5821896827126,9.11665960936221],[78.4574096572111,9.08991953489338],[78.4726906541675,9.04662953723838],[78.6165695507189,9.09755968211763]]],[[[79.1653596751136,9.21087957740267],[79.1437095706905,9.2185195466374],[79.1157005699506,9.22361955028324],[79.0915096175772,9.22361955028324],[79.0698596901223,9.21598063487228],[79.0354796460462,9.20324048578679],[79.0354796460462,9.16504063320078],[79.1806396156512,9.16377064908685],[79.1653596751136,9.21087957740267]]]]}},{"type":"Feature","properties":{"wdpaid":6739,"name":"Dhrun","designation":"National Park","designation_type":"National","iucn_category":"II","marine":true,"area_km2":208.761765,"status":"Designated","status_year":1988,"governance":"Not Reported","managing_authority":"Not Reported","iso3":"PAK"},"geometry":{"type":"Polygon","coordinates":[[[66.2479895438545,25.4807597920805],[66.2856594008591,25.4906096940395],[66.3208494890645,25.5065097527816],[66.3525195288291,25.5280197453301],[66.379679585693,25.5544394620814],[66.4015396820935,25.5850197631433],[66.4174194987133,25.6187395561443],[66.4268395597693,25.6546907541445],[66.4294904199008,25.6917396128473],[66.4252904078753,25.72868972417],[66.4143997013929,25.7644997539013],[66.3970796877434,25.7980697543949],[66.3739195090395,25.8283696547644],[66.3455804699591,25.8544795772664],[66.3128694471719,25.8755896522545],[66.2769497571741,25.8910695521145],[66.2387796508458,25.9004596886063],[66.1994995627961,25.9034397072291],[66.1604695998576,25.8999397262267],[66.1227196535539,25.8900896488162],[66.087459510231,25.8741406548072],[66.0557604261366,25.8526206296489],[66.0285894556404,25.8261695819593],[66.0067694932718,25.7955398193153],[65.9909695889831,25.7618096413455],[65.9816396514079,25.7258596749964],[65.9790996820101,25.6887796607718],[65.9834095310453,25.6518207488474],[65.9944097232962,25.6160297294049],[66.0117703973905,25.5824894761045],[66.0349805664417,25.5522196736145],[66.0633196037254,25.526149708829],[66.0959494807947,25.5050697339797],[66.1318197095529,25.4896296139381],[66.1698894848438,25.4802505661876],[66.2090495274288,25.4772696676013],[66.2479895438545,25.4807597920805]]]}},{"type":"Feature","properties":{"wdpaid":6743,"name":"Khurkhera","designation":"Wildlife Sanctuary","designation_type":"National","iucn_category":"Not Reported","marine":true,"area_km2":27.407156,"status":"Designated","status_year":1972,"governance":"Not Reported","managing_authority":"Not Reported","iso3":"PAK"},"geometry":{"type":"Polygon","coordinates":[[[66.5839504059955,25.4606996769266],[66.5964094505897,25.4639306988353],[66.6080595083717,25.469159724372],[66.6185594504005,25.4762496327172],[66.6275795949667,25.4849696616821],[66.6348495707296,25.4950696872096],[66.6401606217934,25.5062096390449],[66.6433395421916,25.5180897553045],[66.6442895222826,25.5303298313798],[66.6429695476856,25.5425496649724],[66.6394495010414,25.5543894718032],[66.6338006672611,25.5654995011407],[66.6262404350502,25.575520669183],[66.6169395400082,25.5841695867482],[66.6062095394351,25.5911697248562],[66.5944095124081,25.596309684265],[66.5818494307006,25.5994306941571],[66.5689094990702,25.6004405200535],[66.5560405038044,25.5993106476604],[66.5435696652288,25.5960907153872],[66.5319095741635,25.5908395113118],[66.5214196636215,25.5837506593763],[66.5123896636382,25.5750306296993],[66.5051196869771,25.5649195152731],[66.499819550444,25.5537895957524],[66.4966496078087,25.5419094807171],[66.4957096601027,25.5296597232281],[66.497039491015,25.5174296799733],[66.5005804836767,25.5055905767941],[66.5062205157639,25.4944905818593],[66.5137995838497,25.4844697653122],[66.5230895661577,25.4758296487063],[66.5338095343456,25.4688295113754],[66.5456195928594,25.4636997612027],[66.5581705207342,25.4605796310244],[66.571079473962,25.4595595949228],[66.5839504059955,25.4606996769266]]]}},{"type":"Feature","properties":{"wdpaid":3296,"name":"Grate Sober Island","designation":"Sanctuary","designation_type":"National","iucn_category":"IV","marine":true,"area_km2":0.288277,"status":"Designated","status_year":1963,"governance":"Federal or national ministry or agency","managing_authority":"Department of Wildlife Conservation","iso3":"LKA"},"geometry":{"type":"Polygon","coordinates":[[[81.2078822421836,8.53956341031587],[81.2085643769963,8.54024085591506],[81.2103365446427,8.54078142463111],[81.2110186866419,8.54145886629089],[81.2108841199106,8.54295108822361],[81.20979501324,8.54390181957676],[81.2095238567715,8.54512291058503],[81.2103425903045,8.54607148407346],[81.2112966694082,8.54620604461605],[81.2114341889018,8.54729103042014],[81.2111624152907,8.54796955228199],[81.209936708103,8.54864915403972],[81.2089827772213,8.54865023159009],[81.2087106883016,8.54905746812253],[81.207484357683,8.5491944918489],[81.2063933807199,8.54851750543431],[81.2043493936483,8.54865543723316],[81.2029860232365,8.5481143857635],[81.2032575066918,8.54716458434412],[81.2040748541244,8.54689238668142],[81.2044841400426,8.54729885756768],[81.2051655166772,8.54729809626187],[81.2055738836188,8.54689071127388],[81.205572963744,8.54607685498318],[81.2050274042955,8.54567053825395],[81.2051624534221,8.54458524402473],[81.2040717971575,8.54417953511106],[81.2040710335895,8.54350132186795],[81.2042059326974,8.54228038557073],[81.2047502632506,8.54160156398337],[81.2047491933571,8.54065206526194],[81.2059747307632,8.53983683736307],[81.2078822421836,8.53956341031587]]]}},{"type":"Feature","properties":{"wdpaid":555592528,"name":"Muthurajawela","designation":"Sanctuary","designation_type":"National","iucn_category":"IV","marine":true,"area_km2":0.814674,"status":"Designated","status_year":1996,"governance":"Federal or national ministry or agency","managing_authority":"Department of Wildlife Conservation","iso3":"LKA"},"geometry":{"type":"Polygon","coordinates":[[[79.8516099539786,7.10396163518396],[79.8515706751429,7.10390362785435],[79.8514979538257,7.10373294597114],[79.8514372816114,7.10358503624042],[79.8513537418832,7.10344909110502],[79.8512468836869,7.10330207805207],[79.8511178676458,7.10320150619219],[79.8509663137726,7.10312406133451],[79.8508149503421,7.1030582013715],[79.8506638456265,7.10300392898242],[79.8505127418092,7.10294951395952],[79.850361897605,7.10290654477997],[79.8501991938424,7.10285239004058],[79.8500365610467,7.10279823618626],[79.8498967265947,7.10273211677287],[79.8497458823905,7.10268928841766],[79.8495947776749,7.10263487424892],[79.8494212563996,7.10261531377909],[79.849248252554,7.10261864323979],[79.8490740207114,7.10256474787031],[79.8489566046155,7.10246377381777],[79.8488278508825,7.10237450501004],[79.8487217032536,7.10226196827381],[79.8485927581794,7.10216125534165],[79.8484750815721,7.10204897706591],[79.84835714625,7.1019251138268],[79.8482279406644,7.10181295494413],[79.8481217939338,7.10170027722555],[79.8479923296334,7.10157667329688],[79.8478975223366,7.10145243107529],[79.8478593897511,7.10128111180518],[79.8479484029143,7.10111894740383],[79.8480499152363,7.10100230178256],[79.8482102303786,7.10094172499239],[79.8483352489166,7.10084759227277],[79.8484600069433,7.10074201363048],[79.8485262226612,7.10059167201959],[79.848534464704,7.10043089978275],[79.8485660243165,7.10028119544006],[79.8486905927987,7.1001641716414],[79.8488389289066,7.10008096498094],[79.8489874536607,7.10000934328994],[79.849159296883,7.09994864780921],[79.8493080821486,7.09988833028562],[79.8494674971789,7.09978211405259],[79.8496155727754,7.0996874613934],[79.8497631992142,7.09956991863273],[79.8498757185934,7.09943012401559],[79.8499769704041,7.09930203291826],[79.850054714202,7.09915143143101],[79.8500629553464,7.09899065869082],[79.8500481394324,7.09883054822633],[79.8499644101597,7.09868301577651],[79.8498921397968,7.09853536471926],[79.8498201299453,7.09839915957655],[79.8497825156878,7.09825087194693],[79.8497324049663,7.09805692162499],[79.8497168793832,7.09786219389341],[79.8497600371444,7.09771237015448],[79.8498843451151,7.09758376065712],[79.849997313652,7.09746685473281],[79.8501106127689,7.09736153739571],[79.850247159387,7.09726714275389],[79.850371915617,7.09716142333502],[79.8505205113381,7.09708980118954],[79.8506815325561,7.09706370004271],[79.8508427451153,7.09704904310708],[79.851016193627,7.09706860203075],[79.8511786359798,7.0971113105659],[79.8513419766479,7.09719994212944],[79.8515168471927,7.09728817074855],[79.8516682088265,7.09735402886341],[79.8518207310837,7.09747725417671],[79.8519728032849,7.09757744842973],[79.8521132773374,7.09767790117604],[79.8522764275627,7.09775508576132],[79.8524282410491,7.09784383397834],[79.8525908720481,7.09789798841596],[79.8527533144009,7.09794069687414],[79.8529263146533,7.09793736559671],[79.853099315804,7.09793389258173],[79.8532709676851,7.09786175085216],[79.8534185932256,7.09774420673364],[79.8535080528515,7.09760493037494],[79.8535511396458,7.09745496481458],[79.8536057536218,7.09730488242771],[79.8536954746574,7.09717690929922],[79.853772957944,7.0970148611203],[79.8538975237312,7.09689783559945],[79.8540336202933,7.09678055064178],[79.8541814335817,7.09667445225197],[79.8543429057541,7.09667123863458],[79.8545159769733,7.09666790734796],[79.8546663702233,7.09668784425556],[79.854851609123,7.09671872796341],[79.8550702743346,7.09669146704073],[79.8552197683709,7.09666562438699],[79.8554271642172,7.09665020793742],[79.8555874766644,7.09658962879135],[79.8556534300743,7.09642783981289],[79.8557408298632,7.09618541698311],[79.8558183122514,7.09602336756362],[79.8558378901347,7.09585089097219],[79.8558110224229,7.09566800770008],[79.8558075432478,7.09549605068248],[79.8558042536173,7.09533553874736],[79.8557885357947,7.09512950555969],[79.8557737881527,7.09496925379626],[79.8557700493645,7.09478585135754],[79.8557549693458,7.0946141543101],[79.855750331344,7.09438483020409],[79.8557465907592,7.09420142842397],[79.8557431115841,7.09402947085855],[79.8557278438175,7.09384632834554],[79.8557245541869,7.09368581583524],[79.855686229362,7.09350319289476],[79.8556596931285,7.09333161393052],[79.8556093183023,7.09312621900867],[79.8555832321247,7.09297767205395],[79.8555799415959,7.09281730097989],[79.8555757527517,7.09261086729959],[79.8555607445982,7.0924391703325],[79.8555807716392,7.09228972369126],[79.8555772232938,7.09211776630333],[79.8555855318119,7.0919571346286],[79.8555933211037,7.09177347336304],[79.8556009199527,7.09157836589297],[79.8555288391343,7.09144216136612],[79.8553883659801,7.091341709042],[79.8551214594411,7.09126672257344],[79.8549248829041,7.09124754315837],[79.8547629642691,7.09122772636011],[79.8545315420823,7.09119787992471],[79.8543465645922,7.09117858194472],[79.8541961039686,7.09115864569001],[79.8539769913961,7.09116287559207],[79.8537808649151,7.0911667266304],[79.8536193954377,7.09116979943806],[79.8534456873129,7.09113879590447],[79.8532717186767,7.09109634711696],[79.8530867420849,7.09107704913273],[79.8529134840161,7.0910689352073],[79.8527399654358,7.09104937602874],[79.8525895739825,7.09102929802874],[79.8524158658577,7.09099829537717],[79.8522539463244,7.09097861674202],[79.8521034848025,7.09095853873898],[79.8519304872451,7.0909618700669],[79.8517690168694,7.09096508283268],[79.8515844903336,7.09096867267944],[79.8513867567666,7.09089226786181],[79.8513375425637,7.09074409815915],[79.851299668693,7.09058436458203],[79.8512846632345,7.0904126668595],[79.8512693963663,7.090229524691],[79.8511858584347,7.0900934383276],[79.8510788142872,7.08993498107618],[79.850915476314,7.08984649163702],[79.8507523260887,7.08976944835739],[79.8505901478406,7.08973818442707],[79.8504168897717,7.0897300695866],[79.8502321027245,7.08972221504848],[79.8500701849878,7.08970239640169],[79.8499080058414,7.08967113157538],[79.8497665660999,7.0895248977033],[79.8497056360691,7.08936554256865],[79.8498289711643,7.08919115311067],[79.8498951850856,7.08904081129309],[79.8499832262717,7.08883258232566],[79.8500602577056,7.08864764504233],[79.8501610567653,7.08849666387831],[79.8502500672336,7.0883343567986],[79.8503044916651,7.08817282789747],[79.8503475775611,7.08802286372244],[79.850413009948,7.08783818641768],[79.8504561668109,7.08768822124232],[79.850545815083,7.08756038985635],[79.8506588518918,7.0874434840617],[79.8507367834377,7.08730432582488],[79.8508257930076,7.08714201921666],[79.8508568998692,7.08696942341037],[79.8508997962207,7.08680815522633],[79.8510245497558,7.08670243429789],[79.8511858287903,7.08668777703249],[79.8513482666516,7.08673048563892],[79.8515000046795,7.08681937504719],[79.8516398364366,7.08688535233091],[79.8517798559416,7.08696291491797],[79.8519420350881,7.08699417814517],[79.8521143921467,7.08695637076742],[79.8522389561372,7.08683934625635],[79.8522931200573,7.08666623061975],[79.8523585524443,7.0864815527713],[79.8524365531604,7.08634239513549],[79.8525497777171,7.08623693440466],[79.8526745321505,7.08613135419493],[79.8527407442752,7.08598100959616],[79.8528417301845,7.08584147383256],[79.8529893512334,7.0857239293204],[79.85313742144,7.08562927466288],[79.8532735126123,7.08551199040145],[79.8534102442834,7.08542903961532],[79.8534875353304,7.08525554725477],[79.8533923983519,7.08511971972753],[79.853263456871,7.08501900839428],[79.8531568609828,7.08488358195263],[79.8531415941145,7.08470029941093],[79.8530458184339,7.08453027810928],[79.8529504919108,7.08438300673271],[79.8528895609818,7.08422365160297],[79.8528862722495,7.08406314019743],[79.8528248912645,7.08388089498683],[79.8527072182504,7.08376847764334],[79.8525822051022,7.0838627538132],[79.8524343963054,7.08396885426252],[79.8522733777823,7.0839948161925],[79.8520772548945,7.08399866639927],[79.8519042600321,7.08400199777752],[79.8517413730132,7.08393639984222],[79.8516225402741,7.0837667571287],[79.8516075339173,7.08359506043188],[79.851627041732,7.08342272360357],[79.8516690379715,7.08321539336347],[79.8517580457448,7.08305322705765],[79.8517891526065,7.08288048976122],[79.851934903363,7.08267124531166],[79.8520243611923,7.08253196796144],[79.8521138190215,7.08239254971828],[79.8521569031209,7.08224272629659],[79.852210616985,7.08204672065546],[79.8522763080868,7.08187348822062],[79.8523658359846,7.08173406977838],[79.8524665622808,7.0815830881329],[79.8525551199981,7.08139789030835],[79.8526559163629,7.08124676681014],[79.8527799584322,7.08110685163329],[79.8528929916478,7.0809899459851],[79.852970921397,7.08085078669179],[79.8530255326781,7.08070070335317],[79.8530799562113,7.0805390327089],[79.8531692226994,7.08038831097997],[79.8532704691201,7.08026021904511],[79.8534065602924,7.08014279256654],[79.8535313102342,7.08003721274434],[79.8536678496658,7.07994281811898],[79.8538041303826,7.07983697705144],[79.8539529075634,7.07977665689443],[79.8541134742339,7.07972766280744],[79.8542862786535,7.07971288586385],[79.8544592726177,7.07970955356318],[79.8546433464025,7.07968292992402],[79.8548043613324,7.07965696685981],[79.8549881737075,7.07961889768082],[79.8551831350736,7.0795578206402],[79.8553782859842,7.07950804738819],[79.8555277737324,7.0794822028792],[79.8557003176405,7.07945598038695],[79.8558843195602,7.07942949669342],[79.8560684634137,7.07940287303809],[79.8562407468104,7.07936520410673],[79.8564252688546,7.07936161060374],[79.8566096031509,7.07934643159685],[79.8567824066722,7.07933165285813],[79.856955140125,7.07931687501041],[79.8571166060091,7.07931366038049],[79.8572781428601,7.07931058571086],[79.8574626649043,7.07930699309893],[79.8576356588684,7.07930351816058],[79.8578204423224,7.07931136931035],[79.8580049643666,7.07930777491547],[79.858201086356,7.07930392199513],[79.8583854188557,7.07928888294669],[79.8585464346838,7.07926277722562],[79.858719878704,7.07928233333839],[79.8588712367445,7.07934818867812],[79.8590341228651,7.07941392633487],[79.8591745933244,7.079514376801],[79.8593033461591,7.07960350116459],[79.8594325481515,7.07971565564934],[79.8595504816769,7.07983951683799],[79.8596801337253,7.07997456232216],[79.8597983286605,7.08010986807472],[79.8599395096871,7.08024479491486],[79.8600691617355,7.08037984028041],[79.8601981750816,7.08048054995248],[79.8603391665638,7.08060389121193],[79.8604683685562,7.08071604634493],[79.8605857828554,7.08081701625109],[79.8607145356901,7.08090614036299],[79.8608434789676,7.08100684992015],[79.8609952879625,7.0810955951234],[79.8611466469013,7.08116145109571],[79.8613307907548,7.0811349657172],[79.8614557311394,7.081040828058],[79.8615807415927,7.08094654863685],[79.8617300397963,7.08090925781224],[79.8619265417731,7.08092843409167],[79.8620442165837,7.08104070681896],[79.8620947827511,7.08125768812617],[79.8621562382963,7.08143993080763],[79.8622058333848,7.08161099001969],[79.8622326319264,7.08179387263135],[79.8622363752062,7.08197727578424],[79.862100546342,7.08210614994552],[79.8619395296155,7.08213211465475],[79.8617550057746,7.08213570991907],[79.8616198174092,7.08229891866575],[79.8615771860608,7.08247177563576],[79.8615228361895,7.08263344738547],[79.8614568881695,7.08279523675126],[79.8614147059787,7.0829909844423],[79.8613955817446,7.08318620965504],[79.8613059361675,7.08331418488752],[79.861157347633,7.08338581095785],[79.8610090187116,7.08346902420055],[79.8608480019851,7.08349512968355],[79.8606639982688,7.08352161492656],[79.8604674253251,7.08350257871401],[79.8603163259994,7.08344816940952],[79.8601875722663,7.08335890315538],[79.8600343421367,7.08320134574549],[79.8599505409988,7.08305395716315],[79.859924003867,7.08288237787369],[79.8599207124398,7.08272200685195],[79.8598032981406,7.08262103736285],[79.8596297813569,7.08260148139159],[79.859468575086,7.08261614235275],[79.8593912867339,7.08278963570649],[79.8593263079961,7.08299734679136],[79.8592495406668,7.08319373179016],[79.8591835917486,7.08335552185081],[79.8590710786576,7.08349531956429],[79.8589583059534,7.08362367268948],[79.8588575113853,7.0837747980831],[79.8587800325903,7.08393684735415],[79.8587136327178,7.08407574719341],[79.858647944311,7.08424898058382],[79.8585360708204,7.08442311428084],[79.8584473235586,7.08459686904293],[79.858380923686,7.08473576779189],[79.8583378422816,7.08488573392791],[79.8583415828665,7.0850691367424],[79.8583335348599,7.08524121265026],[79.858337276343,7.08542461532337],[79.8583407564164,7.08559657342649],[79.858344758411,7.08579141955912],[79.8583823726686,7.08593984937619],[79.8584433071909,7.08609906217146],[79.8583770959646,7.08624954758137],[79.8582179477339,7.08636721319714],[79.8580816670171,7.08647305365718],[79.8578997222395,7.08660282514624],[79.8577177073932,7.08673245485779],[79.857570347754,7.08686144625294],[79.8574114591365,7.08699069702457],[79.8572753679642,7.08710812443348],[79.8571392758936,7.08722541007164],[79.8570145232568,7.08733099181367],[79.8568899601646,7.08744815883207],[79.8567661058431,7.08759966094702],[79.8566648603207,7.08772775440856],[79.8565640630576,7.08787873582457],[79.8564865842626,7.08804078543567],[79.8564552887548,7.0882019364084],[79.8565166706382,7.08838417991043],[79.8566461349386,7.08850778203287],[79.8568193930074,7.08851589422052],[79.8569697826641,7.08853596965569],[79.8571206942419,7.08857879576208],[79.8572604559304,7.0886449118599],[79.8574125272333,7.08874510357764],[79.8575417310223,7.08885726029581],[79.8576709348114,7.0889694160952],[79.8578231956587,7.0890811938933],[79.8579974239081,7.08913508638446],[79.8581796300955,7.0890169008697],[79.8582928546522,7.0889114380766],[79.8583941010729,7.08878334494412],[79.8585412720659,7.08864290877414],[79.8587347458219,7.08851301929687],[79.8589393685689,7.08835983799143],[79.8590754597412,7.08824255175054],[79.8592458773371,7.08811318187574],[79.8594057361352,7.08802971005945],[79.8595994704026,7.08791126484909],[79.859770595871,7.0878162291],[79.8599415326931,7.0877096080376],[79.8600776247638,7.08759232073977],[79.860213715936,7.08747503430358],[79.860326679083,7.08735812581287],[79.8604844061789,7.08717164840056],[79.8605965410792,7.08700881935468],[79.8606855470559,7.08684664992603],[79.8607401583369,7.08669642412382],[79.8607832397413,7.08654659942648],[79.8608148640326,7.08639689324372],[79.8608927919852,7.08625773290798],[79.861090006326,7.08631124507868],[79.8612423381403,7.08642287999762],[79.8614176560461,7.08653413691344],[79.8615579387575,7.0866231422485],[79.8617330680171,7.08672295286404],[79.8618730902171,7.0868005128041],[79.8620592966024,7.08687717503855],[79.8622106582362,7.08694303018503],[79.8623730269272,7.08698573520197],[79.86258068059,7.0869816193674],[79.8627769948189,7.08698920919095],[79.8629499923763,7.0869858742685],[79.8631225389794,7.0869596477457],[79.8633428822439,7.08701263922688],[79.8635285676064,7.08706626898163],[79.8636919082745,7.08715489356396],[79.8638434603511,7.08723219401887],[79.8640306387136,7.08735463488909],[79.8642177470075,7.08747721568464],[79.8643926157557,7.08756544081789],[79.8645562169352,7.08766551064155],[79.8647310856834,7.08775373484729],[79.8649180053311,7.08786487198745],[79.8650817960551,7.08797624622658],[79.8652222701077,7.08807669482733],[79.8654094493685,7.08819927721368],[79.8655496620113,7.08828828133564],[79.8656788693936,7.0884004345992],[79.8658076949918,7.08848955813652],[79.8659484295558,7.08860159367981],[79.8660661079597,7.08871386721272],[79.8661618890303,7.08888402603692],[79.8661884297553,7.08905546402638],[79.8662145213228,7.08920401135464],[79.8660895072763,7.08929829086987],[79.8659765450276,7.08941505980246],[79.865875489948,7.08955474068129],[79.8658096119967,7.08971653207479],[79.8657551929551,7.0898780622176],[79.8657007730151,7.09003973404375],[79.8657386522757,7.09019946691827],[79.8658002982638,7.0903932966395],[79.8658381766261,7.09055302939142],[79.8659339585949,7.09072318931921],[79.8660175019163,7.09085913197395],[79.8661123128064,7.09098351166331],[79.8662191736976,7.09113037978058],[79.866348640693,7.09125397938329],[79.8664781085867,7.09137757806137],[79.8665957869906,7.09148999265717],[79.8667487619986,7.09163610288625],[79.8668892378478,7.09173655158039],[79.8669953881717,7.09184922638983],[79.8671244051111,7.09194979359936],[79.8673126767233,7.09212960019857],[79.8674418850039,7.09224175430976],[79.8675819098988,7.09231931242922],[79.8677106672251,7.09240857605608],[79.8678857991796,7.09250838630963],[79.8680491416444,7.09259686899727],[79.8682238253396,7.09267378789364],[79.8683751178031,7.0927394995809],[79.8685371100999,7.0927593136398],[79.8687331674107,7.09275545637469],[79.8688826587521,7.09272960815136],[79.8690317000375,7.09268086861052],[79.8691927212556,7.0926547609736],[79.8693657197113,7.09265142341786],[79.8695505085551,7.0926592707745],[79.8697014228279,7.09270223377943],[79.8698649566338,7.09280216074807],[79.8699490218764,7.09296113583146],[79.8699986205582,7.09313219433269],[79.8700021060215,7.09330401138577],[79.8700402457935,7.09347532916852],[79.8700444427225,7.0936816216139],[79.8700597167773,7.09386476508381],[79.8700747303206,7.09403660414947],[79.8700780253411,7.09419697569025],[79.8701041160102,7.09434552314303],[79.8702225067782,7.09449227162674],[79.8703976414276,7.09459208142862],[79.8705835917931,7.0946572936372],[79.8707803605696,7.09468791183301],[79.8709649607672,7.09468417314524],[79.8711716460461,7.09463427405132],[79.8713210682172,7.09460842504204],[79.871470370014,7.09457113086583],[79.8716539272676,7.09452175235921],[79.8718375545898,7.0944722321087],[79.8719870477278,7.09444638309032],[79.8721362803544,7.09440908890099],[79.8722855821512,7.09437179470862],[79.8724103338897,7.09426620923189],[79.8725471356293,7.09418325378204],[79.8727067348143,7.09408833343116],[79.872855064634,7.09400511675776],[79.8730151138749,7.09393322668953],[79.8731876640713,7.09390699788795],[79.8733367062551,7.09385811673295],[79.873499790005,7.09393529482731],[79.8735946736586,7.09405953194706],[79.8735524959594,7.09425528020123],[79.8734750207577,7.09441733202603],[79.8733978060674,7.09459082895903],[79.873343578367,7.09476394696588],[79.8732661732339,7.09492600039449],[79.8732122051466,7.09511056342761],[79.8731691273354,7.09526038890498],[79.8731726119004,7.09543234690205],[79.873141511327,7.09560494488555],[79.8731223897878,7.09580031273123],[79.8730804717017,7.0960075062666],[79.8730376526054,7.09616891920751],[79.8730067433731,7.09635296203624],[79.8729290768303,7.09650356889659],[79.872852312196,7.09669995616051],[79.8727395385935,7.09682831273789],[79.8726269554339,7.09696811438556],[79.8724795957947,7.09709711004523],[79.8722858597307,7.09721556002434],[79.8721140209999,7.09727626477993],[79.8719538998938,7.09734815521743],[79.8717581021962,7.0973634584318],[79.87159681867,7.09737812159742],[79.8713778911505,7.09739380456081],[79.8712175813981,7.09745424899479],[79.8710577208034,7.09753772534269],[79.8709096488002,7.09763238468417],[79.8707382601255,7.09771597866867],[79.8705890266006,7.09775327259006],[79.8704046860161,7.09776831638445],[79.8702432138437,7.09777153355989],[79.8700607462466,7.0978782788757],[79.8699122241874,7.09794990713848],[79.869869142783,7.09809987432043],[79.8699201643962,7.09833960313117],[79.8699239085743,7.09852300593653],[79.869775576958,7.09860622090166],[79.8696279550107,7.09872377014852],[79.86952670859,7.09885186586402],[79.8694382236362,7.09903706736856],[79.8693835431848,7.09918729538467],[79.8693754987715,7.09935937136575],[79.8692987323406,7.09955589914783],[79.8692095350227,7.09970662441106],[79.8691781730395,7.09986777575762],[79.8692393707683,7.10003857496088],[79.8692885202924,7.1001867425631],[79.8693148723713,7.1003467357787],[79.8693530130416,7.10051805539686],[79.8693791037107,7.10066660170053],[79.8693941172541,7.10083830005532],[79.8693978623305,7.10102170275593],[79.8694027680302,7.10126233127422],[79.8694309921982,7.10151402491298],[79.8694921908252,7.10168496434982],[79.8695662703951,7.10192431422016],[79.8695942331533,7.10216456341151],[79.8695986887971,7.10238230138979],[79.8696019829192,7.10254281443208],[79.8696061780516,7.10274910726923],[79.869609923128,7.10293250920783],[79.8696720227653,7.10314908797536],[79.8696760283531,7.10334407732918],[79.8696109786485,7.10355164810322],[79.8695678963458,7.10370161524151],[79.8695264274173,7.10393169775833],[79.8695077541375,7.10414995637984],[79.8695110482596,7.10431046880502],[79.8694679668553,7.1044602948517],[79.8694138056302,7.10463341181873],[79.8693706532588,7.10478337860414],[79.8692938850313,7.1049797650071],[79.8692971791534,7.10514027803396],[79.8694278130604,7.10532110193317],[79.8694884906645,7.10546901021387],[79.8695833761148,7.10559338862814],[79.8696209957622,7.10574167656439],[79.8696821943893,7.10591247536859],[79.8696972079326,7.10608417265576],[79.8697355399441,7.10626693679361],[79.869761892023,7.1064269287849],[79.8698341695724,7.10657457819966],[79.8699181656447,7.10673355208915],[79.8699908950467,7.10690409023195],[79.8699129652975,7.10704325056471],[79.8698352250928,7.10719385838117],[79.8697808042546,7.10735538773664],[79.8697495114417,7.10751654085931],[79.8696835607268,7.10767833217648],[79.8695827625654,7.10782945769506],[79.8694697958252,7.10794622727306],[79.8693223607275,7.10807522074455],[79.8691856245648,7.1081581745802],[79.869024789298,7.10819572794666],[79.8688755521799,7.10823302101806],[79.8679244779408,7.10856122327073],[79.8677641627986,7.10862166534526],[79.8675913467008,7.10863658666083],[79.867429419981,7.10861677328591],[79.8672658116149,7.1085168444045],[79.8670904838277,7.10840558923782],[79.8669506439857,7.1083394741967],[79.8668331524314,7.10823850408699],[79.8666926720906,7.1081380554306],[79.8665634611151,7.10802589984671],[79.8663998509524,7.10792597083679],[79.8662365048944,7.10783734490627],[79.8660508096504,7.10778371578943],[79.8658886233175,7.10775245575746],[79.8657146465964,7.10771001206858],[79.8655176128169,7.10766794633449],[79.8653203885946,7.10761443486425],[79.865123095202,7.10756092427923],[79.8649606483576,7.1075182193888],[79.8647871926594,7.10749866358383],[79.8646257168938,7.1075018797998],[79.8644062647581,7.1074946691648],[79.8642217310358,7.10749826423108],[79.8640487262919,7.10750159811346],[79.8638876996839,7.10752770490773],[79.8637384643624,7.10756499625053],[79.8635548298537,7.1076145106343],[79.8633942542001,7.10766350710231],[79.8631989020668,7.10770169697737],[79.8630380650034,7.1077392468155],[79.8628313743346,7.10778914181335],[79.8626706082381,7.10782669164433],[79.8624862640603,7.10784173065209],[79.8623017303381,7.10784532571562],[79.862070299168,7.10781548303257],[79.8618961329024,7.10776159183809],[79.8617104385568,7.10770782008647],[79.861559971645,7.10768774370492],[79.8613973361544,7.10763359309448],[79.8611890330097,7.1076033706561],[79.8610385660979,7.10758329516142],[79.860830074307,7.1075414870339],[79.8606685275745,7.10754470235814],[79.8604724648738,7.10754855504216],[79.8603114391642,7.10757451920778],[79.8601508626122,7.10762351300584],[79.8599893868467,7.10762672832951],[79.8598279110811,7.10762980102719],[79.8596433773588,7.10763353604409],[79.8594126567561,7.10763802697847],[79.8592396529105,7.10764135996845],[79.8590786263026,7.10766746408056],[79.8589538682759,7.10777304469798],[79.8588876543546,7.10792338930886],[79.8589370598986,7.10808300365646],[79.8590208628332,7.10823039313849],[79.8591500720121,7.10834254956386],[79.8592679417571,7.10846641107372],[79.8593856219577,7.1085788268419],[79.8595143819789,7.10866795181904],[79.8596431420002,7.10875721940452],[79.8597605616893,7.10885819029164],[79.8598898418351,7.10897034567239],[79.8600307704352,7.10909368821274],[79.8601373717133,7.10922925372105],[79.860233674705,7.109422305247],[79.8602828224325,7.10957033165635],[79.8603089104067,7.10971888038318],[79.8602081787206,7.10987000433908],[79.8601187181964,7.1100092823307],[79.8600174672841,7.11013737490158],[79.8598926355956,7.11024309668511],[79.8597332897356,7.11034931584936],[79.85957413342,7.11046712238422],[79.8594260560269,7.11056177817217],[79.8592666383017,7.11066813810492],[79.8592120234273,7.11081822236915],[79.8592272929905,7.11100136525404],[79.8593232654022,7.11118297128323],[79.8594534456599,7.11134090687411],[79.8595823952257,7.11144161868595],[79.8597566315599,7.11149565207348],[79.8599309882684,7.11156098935557],[79.8600814569767,7.11158106467641],[79.8602563338097,7.11166929231834],[79.8604427387228,7.1117573996037],[79.8606058970329,7.11183444187453],[79.8607906930632,7.1118424350941],[79.8608801553841,7.11170301592512],[79.8609227912241,7.11153016012904],[79.8609890051454,7.11137981580721],[79.8610318314282,7.11121840464089],[79.8610627469487,7.11103436419718],[79.8610935932989,7.11085032278829],[79.8610895922027,7.11065547567887],[79.8611202490084,7.11045984939732],[79.8611402760493,7.11031040237195],[79.8611369846221,7.11015003110206],[79.8611337650601,7.10998951893378],[79.861130023577,7.10980611624575],[79.8611260215824,7.10961126869334],[79.8611340713856,7.10943905125008],[79.8611540984266,7.10928960478399],[79.861173935923,7.10912871435756],[79.861193512908,7.1089563781759],[79.861283163875,7.10882840383322],[79.8614313113368,7.10873374768812],[79.8615918169218,7.10868475222562],[79.861776421611,7.10868115895149],[79.8619376377635,7.10866663966332],[79.8621453013077,7.1086625258055],[79.8623413640083,7.10865867223942],[79.8625258977307,7.10865507807365],[79.8627220322966,7.10865136535029],[79.8629070169731,7.10867066081444],[79.8630918112068,7.10867851235485],[79.8632422799152,7.1086984460675],[79.8634152846592,7.10869511130237],[79.8635767613231,7.10869189598618],[79.864649001226,7.10864807604676],[79.8647996585806,7.10867959630954],[79.8649503168335,7.10871097483598],[79.8651134751436,7.10878815578634],[79.8652761124309,7.10884230626068],[79.865416140919,7.10891986603809],[79.8655677711491,7.10899716640221],[79.865708511103,7.10910905967469],[79.8658259325887,7.10920988875047],[79.8659552154295,7.10932204404532],[79.8660728255614,7.10943445871273],[79.8662374059046,7.10958031008174],[79.8663899362466,7.10970353122684],[79.8665306770988,7.10981542521866],[79.8666709669967,7.10990442961588],[79.866823498237,7.11002750894021],[79.8669632671121,7.1100936237384],[79.8671497447886,7.11018172865183],[79.8673128330302,7.11025876940417],[79.8675105791737,7.11033516922203],[79.8676737383821,7.11041234900808],[79.8678250371338,7.11047820435154],[79.8679881963422,7.11055524327135],[79.8682091899869,7.11064270895791],[79.868371638628,7.11068541266646],[79.8685446451686,7.11068193529078],[79.8687402587116,7.11065518864604],[79.8689590020765,7.11062806315204],[79.8691435366971,7.11062446632747],[79.8693163545915,7.11060954418508],[79.8694773811994,7.11058357662533],[79.8696614657641,7.11055694942333],[79.8698222318606,7.11051939624988],[79.8699943382892,7.11047027885516],[79.8701438350205,7.11044443073604],[79.8703168415611,7.11044095335853],[79.8704660786792,7.11040365957495],[79.8706386351638,7.11037743260421],[79.8708107397958,7.11032817435202],[79.8709237083327,7.11021126364568],[79.8710720444406,7.11012804899844],[79.8711970620804,7.11003391013743],[79.8713453981883,7.10995069456664],[79.8715054528192,7.10987880609969],[79.8717008768176,7.10984061283996],[79.8718498534243,7.10979187511242],[79.8720114010552,7.10978865623828],[79.8721606381733,7.10975136240177],[79.8723218543258,7.10973669784791],[79.8724727739885,7.10977966104041],[79.8725565823129,7.1099270490867],[79.8726640890928,7.11010853430927],[79.8727603983727,7.11030158279149],[79.8727638829378,7.11047354140346],[79.8726974830652,7.11061230130496],[79.8725733664357,7.11075236172602],[79.8724839077081,7.11089178385783],[79.8724294859716,7.11105331458731],[79.8723162587199,7.1111587812181],[79.8721677321691,7.11123041008582],[79.8721015218411,7.11138075623937],[79.8720240421478,7.11154280826853],[79.8719110754076,7.11165971863588],[79.8717984868581,7.11179951933894],[79.8717087667208,7.11192749641944],[79.8715854307272,7.11210189241113],[79.87142743773,7.11227692658126],[79.8713031306576,7.11240554266457],[79.8711781121195,7.11249968193082],[79.8710172750561,7.11253723494234],[79.8708557965956,7.11254031206419],[79.8706722321554,7.11258983126009],[79.8704878861811,7.11260487278608],[79.870337415676,7.11258494102577],[79.8701636976697,7.11255394339293],[79.8699905006864,7.11254583519483],[79.8698063442565,7.11257232143989],[79.8696460282159,7.11263276387799],[79.8695090297452,7.1127042730679],[79.8693840112071,7.11279841227292],[79.8692707821588,7.11290387672012],[79.8691464741881,7.11303249173643],[79.8689762389502,7.11317331000193],[79.8688747293231,7.11328995966503],[79.8687271729528,7.11340750783064],[79.8685552560687,7.11346821133922],[79.8684182566997,7.11353971861622],[79.8682595522367,7.1136804181699],[79.8681345328003,7.11377455717478],[79.867974735986,7.11385802966728],[79.8678150604442,7.11395280687801],[79.8675978073843,7.11404874378021],[79.8674381291477,7.11414366179272],[79.8672672543093,7.11425014390893],[79.8670854891947,7.11439136203912],[79.8669260723677,7.11449772465043],[79.8667438571972,7.11461591163958],[79.8666306272506,7.11472123482832],[79.8664942665837,7.11482721941035],[79.8663224206665,7.11488778010755],[79.8661607517631,7.11487955072053],[79.8660319890469,7.11479028610793],[79.8659363930293,7.11463157083839],[79.8658754549137,7.11447235900481],[79.8658029878197,7.11431312393962],[79.8657768971506,7.11416457580757],[79.8657140878443,7.11391352110076],[79.8656992656421,7.11375326786265],[79.8656604853713,7.11354761375199],[79.865599548154,7.11338826070113],[79.8655501390167,7.11322878814719],[79.8655237887345,7.11306879495932],[79.865520046353,7.11288539260959],[79.8655859988645,7.11272346139351],[79.8656403523291,7.11256193125153],[79.8656361589934,7.11235563836272],[79.8655982788345,7.11219576431864],[79.8655488705955,7.11203615140018],[79.865476664013,7.11188850195799],[79.865404196919,7.11172940772994],[79.8653203912895,7.11158201937063],[79.8652356846499,7.1113887093536],[79.8651749369771,7.11124080030434],[79.8651366067622,7.11105803636226],[79.8650759300563,7.11091026894002],[79.8650034638607,7.11075117526451],[79.8648850712961,7.11060428399603],[79.8647553392977,7.1104692376922],[79.8645922510562,7.11039219786656],[79.8643970866708,7.11044183317693],[79.8642030838071,7.11054883405873],[79.8641136232829,7.11068825357808],[79.8640472198172,7.11082715425685],[79.8640389831643,7.11098778468937],[79.8640429150903,7.11118263344063],[79.8640466565734,7.11136603468761],[79.8640273400999,7.11154995822444],[79.8638787416839,7.11162158435694],[79.863682937698,7.11163688263912],[79.863507801252,7.11153707118873],[79.8634124648475,7.11138994216649],[79.8633173916494,7.1112541170056],[79.8631662833405,7.11119970563385],[79.8630048057783,7.11120292182388],[79.8628449388954,7.11128625215907],[79.8627787258724,7.11143659740294],[79.8626539660491,7.11154231977883],[79.8625524546254,7.11165896807341],[79.8626365207663,7.11181780292729],[79.8627200658844,7.11195374736957],[79.8627006784439,7.11213766888821],[79.8626110265786,7.11226550235855],[79.8624749282198,7.11238292955561],[79.8623157710059,7.11250059561858],[79.8622024700924,7.11260605924279],[79.8621367762957,7.11277929258838],[79.8621177203335,7.11297466115814],[79.862005579145,7.11313734819406],[79.8619043983013,7.11326544078385],[79.8617447200646,7.11336035806689],[79.8616077206956,7.11343186357787],[79.8614490126394,7.11357255959901],[79.8613480222385,7.11371209764799],[79.8612935960104,7.11387362738535],[79.8612735689695,7.11402307325107],[79.8612535410302,7.11417251906819],[79.8611190506558,7.11437020289985],[79.8610298488464,7.11452092597841],[79.860905539079,7.11464953786747],[79.8608049969375,7.11481196580439],[79.860739041731,7.11497389628378],[79.8606961462779,7.11513516618046],[79.8605718347139,7.11526377789746],[79.8604240160356,7.11536987912722],[79.8603344818496,7.1155091572334],[79.8602683379969,7.11565950109439],[79.8601915625828,7.11585602636204],[79.860137137253,7.11601755534498],[79.8601634857386,7.11617754839648],[79.8602258431924,7.11640571262172],[79.8602062644107,7.11657819130479],[79.8601529979076,7.116797085721],[79.8600639847445,7.11695925261081],[79.8599747811385,7.11711011657073],[79.8599085663189,7.11726046079866],[79.859842610214,7.11742224957404],[79.8598230323308,7.11759472698368],[79.8598265815744,7.11776654291525],[79.8598421116491,7.11796127201687],[79.8598463022899,7.11816756506046],[79.8598497823633,7.11833952161737],[79.859818223649,7.11848922809785],[79.8598224142898,7.11869552001266],[79.8598604821966,7.1188668390276],[79.8599673448845,7.11901370893285],[79.8600508900026,7.11914979475762],[79.8601815230112,7.1193306211627],[79.8602770471636,7.11948933658977],[79.8603726422828,7.11964805374469],[79.8604573471259,7.11984122300932],[79.8605072054208,7.12002372673426],[79.860533293395,7.12017241559163],[79.860537293593,7.12036726400934],[79.8604840270899,7.12058615929186],[79.8604312807113,7.1208279443851],[79.8603770440277,7.12100105963814],[79.8603695152473,7.12119602625815],[79.8603729953207,7.12136798257114],[79.8603997938623,7.12155100714883],[79.8604035344471,7.12173440870923],[79.8604084338587,7.12197503707164],[79.8604126945681,7.12218132920147],[79.8604168861072,7.12238776296843],[79.8604203652823,7.12255971972594],[79.860470932348,7.12277655932478],[79.8605097099239,7.12298221286423],[79.8605129995544,7.12314272583648],[79.8605171901952,7.12334901833231],[79.860497871925,7.12353279890197],[79.8604319158202,7.123694588139],[79.8603774877955,7.12385625787395],[79.8603009728928,7.12406408678822],[79.8602578852002,7.12421405168298],[79.8602039081298,7.12439861186299],[79.8601843293481,7.12457094759385],[79.8601308724022,7.12477839823951],[79.8600768944334,7.12496295908369],[79.8599883986998,7.12514815718891],[79.8598875942502,7.1252991387911],[79.8597390614113,7.1253709036148],[79.8596098468425,7.12525874778558],[79.8595027218465,7.12510029107241],[79.8594877136931,7.12492859376759],[79.8594839740065,7.12474519081079],[79.8594343061545,7.12457413160051],[79.8593621013686,7.12442648173622],[79.8592667649641,7.12427921066077],[79.8591481109898,7.124121013892],[79.8590518771684,7.12392796320103],[79.8590139988061,7.12376822957052],[79.8589526133295,7.12358584410678],[79.8589027559329,7.12340334001671],[79.8588535381368,7.12325531182943],[79.858780433239,7.12306174109815],[79.8587302461607,7.12286779233889],[79.8587039677437,7.12270779894662],[79.8586425113001,7.12252555389956],[79.8585933653693,7.12237738459031],[79.8585326886634,7.12222947640863],[79.858471941889,7.12208156639647],[79.8583757080675,7.12188851484682],[79.8583032427702,7.12172941962866],[79.858218987983,7.1215591401466],[79.8581693210293,7.12138807974763],[79.8581194636327,7.12120557567422],[79.8580236807655,7.12103541544336],[79.8579516646258,7.12089920984088],[79.8578446123934,7.1207407534038],[79.8577610681737,7.1206048079988],[79.8576424150977,7.12044661085372],[79.8575247322022,7.12033419442619],[79.8573847010191,7.12025663212041],[79.8572098223895,7.12016840434652],[79.8570803509025,7.12004466009162],[79.8570424743369,7.1198849268912],[79.8570391847063,7.11972441456147],[79.8570818232413,7.11955156000354],[79.8571473301884,7.11936688110072],[79.8572344757541,7.11911287160839],[79.8572775634467,7.11896304766791],[79.8572974027398,7.11880201622635],[79.8573289605557,7.11865245157906],[79.8573602596568,7.11849130236485],[79.8573563313241,7.11829631320189],[79.8573525916376,7.11811305199811],[79.8573255343812,7.11791858324741],[79.8573223157176,7.1177580711211],[79.857319026087,7.11759769977866],[79.8573390549246,7.11744811334536],[79.857324237214,7.11728786134136],[79.8572974386724,7.11710497768574],[79.8572713515965,7.11695642956587],[79.8571527703858,7.11679823294553],[79.8570122199764,7.11669778081324],[79.8568491317349,7.11662059673545],[79.856673733879,7.11650933729245],[79.8564875876808,7.11643281370665],[79.8563359583491,7.11635551102871],[79.8561845886304,7.1162896529627],[79.8560667179871,7.11616579088889],[79.8559706746085,7.11598418415651],[79.8559327989411,7.11582430959328],[79.8558716039073,7.11565351001803],[79.855868386142,7.11549313883154],[79.8559222931439,7.11530857863394],[79.8560228370821,7.11514601181474],[79.856111661599,7.11497225878585],[79.8561769089331,7.11477613605181],[79.8562315247057,7.11462591134888],[79.8563200896096,7.11444071256094],[79.8564098142385,7.11431288058765],[79.8564409219984,7.11414028606278],[79.8565532554264,7.11398904406458],[79.8566304799981,7.1138155508866],[79.8566620378141,7.11366584555576],[79.8566816165957,7.11349351018527],[79.8566550093953,7.11332193065819],[79.8565922045805,7.11307087459921],[79.8565200015912,7.11292322638113],[79.8563580039045,7.11290340695133],[79.8562177149048,7.11281454130265],[79.856100033806,7.11270212389692],[79.8560040631909,7.11252051757713],[79.8559774550922,7.11234908031094],[79.8560907578024,7.11224361930193],[79.8562272370469,7.11214922415042],[79.8563638573268,7.11205482897947],[79.8565116760052,7.11194872965778],[79.8566482262166,7.11185433533706],[79.8567140430825,7.11111919034116],[79.8566189707827,7.11098336331739],[79.8564671537031,7.11089461585411],[79.8563045173141,7.11084046294749],[79.8561190116147,7.1107982735946],[79.8559570148263,7.1107784558559],[79.855784009184,7.11078178793166],[79.8555879446867,7.11078563880572],[79.855404310178,7.11083515105956],[79.8551966457355,7.11083911959875],[79.8550001329789,7.1108200809506],[79.8548257071002,7.11075460093814],[79.8546515417329,7.11070070830559],[79.8544787256351,7.11071548425444],[79.8543303868323,7.11079869166402],[79.8542174156004,7.1109155977638],[79.8541281410275,7.11106632019351],[79.8540511060003,7.1112513991114],[79.8539619023943,7.11140211964809],[79.8538603891739,7.1115187661955],[79.8537116003151,7.11157908486707],[79.8535492244376,7.11153637589318],[79.8534541530362,7.11140054899276],[79.8533929589007,7.11122974866317],[79.8533550841317,7.11107001596063],[79.8533058690305,7.11092184562685],[79.8532567248963,7.11077381787022],[79.8531840026807,7.1106031358646],[79.8531692559371,7.11044288414541],[79.8531892856729,7.11029343889733],[79.8532205847741,7.11013228764015],[79.8533206786563,7.10994683120586],[79.8533866347611,7.1097850433618],[79.8534297215554,7.10963521994257],[79.8534728101463,7.10948525474051],[79.8535959610869,7.10929942008765],[79.8537085532297,7.10915962397207],[79.8538335726661,7.10906534941841],[79.8539230367835,7.10892607203201],[79.8539661253745,7.10877610659848],[79.8539859646675,7.10861521688361],[79.853925220588,7.1084673069413],[79.8539102142312,7.10829560965313],[79.8538949473629,7.10811246658093],[79.8538229339182,7.10797626160106],[79.8537153651545,7.10779491459641],[79.8536774903855,7.10763504074779],[79.853650954152,7.10746360344109],[79.853716648847,7.10729036987359],[79.8538061120661,7.10715095199731],[79.8538603487497,7.10697797860469],[79.8539024671601,7.10678223398205],[79.8539449152523,7.1065979341425],[79.854092282078,7.1064688038699],[79.8542055129229,7.10636348413728],[79.8542835172323,7.10622432627295],[79.8543034760013,7.10607488143554],[79.8543927487776,7.10592401830756],[79.8544820215539,7.10577329597369],[79.8545825636954,7.10561072934529],[79.8546838146078,7.10548263818673],[79.8547502198702,7.10534373856655],[79.8548382619546,7.10513565068836],[79.8549161961954,7.10499649334371],[79.8550169970517,7.10484551219467],[79.8550829522582,7.10468372255448],[79.8551260381541,7.10453375841081],[79.8549662440348,7.10461708638984],[79.8548529431213,7.10472254736663],[79.8547175553298,7.10487430765498],[79.8546161139747,7.10499095496824],[79.8545030735726,7.10510771902756],[79.8543665260562,7.10520211384299],[79.854217738994,7.10526243334383],[79.8540673439474,7.10524235507263],[79.853949855088,7.10514152423489],[79.853787221394,7.1050873697588],[79.8536377246628,7.10511321283075],[79.8535247552276,7.10522997685902],[79.8534119744386,7.10535832838157],[79.8533114322971,7.1055208959907],[79.8532221586225,7.10567161662448],[79.8531091182204,7.10578852224595],[79.852972830317,7.10589436091414],[79.8528240432548,7.10595468032417],[79.8526625692859,7.10595775125021],[79.8525222820829,7.10586874341425],[79.8524158730443,7.10574476086311],[79.8524232140767,7.10553820996808],[79.852442794655,7.10536573337889],[79.8524505857435,7.10518221296111],[79.8524812452441,7.10498658613217],[79.8525243320384,7.1048367629313],[79.8526020767346,7.10468615969094],[79.852771791848,7.10452231705859],[79.8529424771419,7.10440425405399],[79.8530910737612,7.10433263214491],[79.8532394107675,7.10424942267302],[79.8533764083399,7.10417791929852],[79.8535364629707,7.10410603616842],[79.8536496929173,7.1040005750502],[79.8537735517304,7.10384921561216],[79.8538748026427,7.10372112485421],[79.853848456852,7.10356099107678],[79.853776254761,7.10341334069407],[79.8537379299361,7.10323071804894],[79.8537346421021,7.10307020613822],[79.8538121253886,7.10290815825252],[79.853854762127,7.10273530271384],[79.8538973988653,7.10256244800159],[79.8539172390567,7.10240155700311],[79.8539139503244,7.10224104480294],[79.8538878641469,7.10209249722492],[79.8539299798623,7.1018967523049],[79.853996194682,7.10174640928864],[79.8540157743619,7.1015740739048],[79.8540122960851,7.10140211642027],[79.8539400239256,7.10125446623577],[79.8538445051631,7.10109574985626],[79.8537722330035,7.1009480995734],[79.8537569661353,7.10076495713966],[79.8537419588801,7.10059325964894],[79.8537615376617,7.1004207829877],[79.853793096376,7.10027107775027],[79.8539044551319,7.10007405731472],[79.8540054446345,7.09993451958175],[79.8541065060022,7.09979484274382],[79.8541262743284,7.09963395166859],[79.8541578321443,7.09948424706653],[79.8540627616412,7.09934856101596],[79.8539112086662,7.09927125813805],[79.8537163101821,7.09933233434801],[79.8535799531085,7.09943817271938],[79.853432327568,7.09955571729654],[79.8532964924156,7.09968458832237],[79.8531493869996,7.09982502201557],[79.8530134790836,7.09995375122904],[79.852877902646,7.10009406628029],[79.8527427052974,7.10025727133764],[79.8526763009333,7.10039602808337],[79.8526341843195,7.10059191359599],[79.8526035248189,7.10078739877516],[79.8525721574458,7.10094854974306],[79.852540859243,7.1011096997631],[79.852498670764,7.10130544412671],[79.8524560340257,7.10147829931145],[79.8523679200761,7.10168638706202],[79.8522908859472,7.10187132356397],[79.8522031025776,7.10209099785164],[79.8521383070962,7.1023100105989],[79.8520501931466,7.1025182388178],[79.8520071063523,7.10266806188284],[79.8519755476381,7.10281776812285],[79.8519100415892,7.1030025873936],[79.8518446074056,7.10318726396279],[79.8518019688706,7.10336011933156],[79.8517364628218,7.10354479664855],[79.8516933760275,7.10369476200626],[79.851638689288,7.1038448449824],[79.8516099539786,7.10396163518396]]]}},{"type":"Feature","properties":{"wdpaid":555592535,"name":"Pallemalala","designation":"Sanctuary","designation_type":"National","iucn_category":"IV","marine":true,"area_km2":1.135348,"status":"Designated","status_year":1942,"governance":"Federal or national ministry or agency","managing_authority":"Department of Wildlife Conservation","iso3":"LKA"},"geometry":{"type":"Polygon","coordinates":[[[81.1743910783862,6.16759839431391],[81.1748841519676,6.16704366198297],[81.1750712548715,6.16687444403513],[81.1752578187864,6.16673963426668],[81.1754441096134,6.16661627065643],[81.1756528771871,6.1665277939756],[81.1758724101712,6.16648530480046],[81.1759565508723,6.16627998863446],[81.175960330983,6.1660504277992],[81.1759070483102,6.16579702863223],[81.175911506649,6.16553298872208],[81.1759272720822,6.1652806681964],[81.1759547470552,6.16501703439883],[81.1759583951135,6.16479898980517],[81.1759850571112,6.16458121127185],[81.1760694628153,6.16435293222341],[81.1761653139544,6.16413630206129],[81.1762612980442,6.16390822466695],[81.1763222810756,6.16370257258253],[81.1764070919199,6.16345133097159],[81.1764796542353,6.16324581089231],[81.1765409112528,6.1630286417247],[81.1766134717716,6.16282312326795],[81.1767090489245,6.16261800931679],[81.1768164703645,6.16239006613158],[81.1769699295645,6.16217438098729],[81.1771115381893,6.16196993930866],[81.1772647251997,6.16176570118393],[81.1774176373257,6.16157297894569],[81.1775813157604,6.16142631604654],[81.1777222524453,6.16126780131987],[81.1778744854449,6.16110948928564],[81.1781082962521,6.16090653068075],[81.1783295827476,6.1607608134192],[81.1785267692407,6.16067206157181],[81.1787471116068,6.16058371608256],[81.1789552054441,6.16054109424854],[81.1792441889794,6.16047678905684],[81.1794526789737,6.16039975678566],[81.1796837876485,6.16035754131006],[81.1799263336736,6.16031545712096],[81.1801462700012,6.16025000423227],[81.180365933241,6.16019613788768],[81.1805850565933,6.16017660963944],[81.1808499473127,6.16018085914351],[81.1810916812607,6.16018469959486],[81.181368008432,6.16018908128181],[81.1815875378228,6.16014666126307],[81.1818532316361,6.16009346475426],[81.1821078941377,6.16001710316697],[81.1823272905778,6.15998612857689],[81.1825577201263,6.15997832084714],[81.1828003982037,6.15992479029132],[81.1829864186378,6.1598243874389],[81.1832025254474,6.15973611415205],[81.1838208008231,6.15951618288563],[81.1840404631646,6.15946224501621],[81.1842602656433,6.15940830624821],[81.1845028098716,6.15936622019755],[81.1847683707343,6.15932453962443],[81.1849985262966,6.15932817823465],[81.1852292271363,6.15930892235904],[81.18547258434,6.15922090888727],[81.1856921128325,6.15917848789807],[81.1859229466229,6.15914771510642],[81.1861407207056,6.1592085211764],[81.1863229574357,6.15932623210513],[81.1865163647164,6.15946710810591],[81.186721220127,6.15961963404619],[81.1868912083283,6.15978299716864],[81.1869683224072,6.15999094521912],[81.1870216086732,6.1602443418001],[81.1870409817406,6.16046279195906],[81.1870370659843,6.16069235342568],[81.1870104075799,6.16091006121172],[81.1869837491756,6.16112776890849],[81.1869223645972,6.1613564557169],[81.186883853821,6.1615854782421],[81.186857196315,6.16180318655497],[81.1868877408313,6.16204480195114],[81.1868944593313,6.16233186834992],[81.1868552793101,6.16260681579216],[81.1868742463391,6.16284822897648],[81.1869626657158,6.16306775517043],[81.187192963212,6.16307146163234],[81.1874015942418,6.16299435560855],[81.1876216626218,6.16291752376247],[81.1878405137845,6.16290951065739],[81.1880830598096,6.16286742309812],[81.1882802543875,6.16279018486234],[81.1882261551461,6.16258264338696],[81.1879846853028,6.162555841623],[81.1877788938476,6.16247220499899],[81.1875500776734,6.16237671659955],[81.1873678409433,6.16225900724044],[81.1873494111069,6.16198318524841],[81.1874103896467,6.16177753241791],[81.1874942518701,6.1615836598379],[81.1876131142535,6.16136743491762],[81.1877199913144,6.16117389800336],[81.1878388527996,6.16095767291619],[81.1880675261417,6.16105316067781],[81.1881100469973,6.16126049911851],[81.1881408672964,6.16149059790195],[81.1881486619781,6.1617088448085],[81.1882136595805,6.16195099880214],[81.1883840547186,6.16209146862754],[81.1886829933839,6.1621191438912],[81.1889363057176,6.16212318528161],[81.1891781807011,6.16212702303948],[81.1894086111479,6.16211921176869],[81.1896021531758,6.16224857107799],[81.1897489953854,6.16242311441632],[81.1899070000608,6.16260930671538],[81.1900542483089,6.16276088682761],[81.1902246434469,6.16290135733178],[81.1903997547402,6.16275489307328],[81.1906541531371,6.16270156107105],[81.1908363907655,6.16281919888211],[81.1910528182736,6.1629604088771],[81.1912695179713,6.16309017256621],[81.1914753103248,6.16317380819968],[81.1917171862066,6.16317764505685],[81.1919813977997,6.16321622619021],[81.1921995797176,6.16325413658537],[81.1924522138232,6.16329258642407],[81.1927051219151,6.16331958821038],[81.1929250573444,6.16325419999709],[81.1931445867352,6.16321170430789],[81.1933980320196,6.16320429674473],[81.1936400399538,6.16319661588579],[81.1938587599625,6.16320011692849],[81.1940893296482,6.16319230388727],[81.1943772280186,6.16318536432035],[81.1946532928818,6.16321270014019],[81.1948710687612,6.16327357272865],[81.1951002819908,6.16333457838549],[81.1953066214183,6.1633952482211],[81.1955475450859,6.16344501034214],[81.1957647837728,6.16354029134487],[81.1959824275998,6.16361261015309],[81.1962109715845,6.16371961067613],[81.196428212068,6.16381489341583],[81.1966217558926,6.16394424873924],[81.1967807163754,6.16408451261901],[81.1969274193461,6.16425905535335],[81.1970625529143,6.16444491030148],[81.1971628201713,6.16464167376091],[81.1973201591951,6.16487379131627],[81.1973048096818,6.16510314813633],[81.1972208189994,6.16530853799377],[81.1970341302187,6.1654548005954],[81.1968256312413,6.16552039395488],[81.1966281743553,6.16562059835025],[81.1966358396796,6.16585036121637],[81.1967132322363,6.16604671957183],[81.196848224769,6.1662325747867],[81.196995475712,6.16638415297052],[81.1971880798988,6.16657088064288],[81.1973463612553,6.16674562618975],[81.1974701913222,6.16691983223646],[81.1975932102105,6.16713989440146],[81.1977047827654,6.16734830666824],[81.1978160912157,6.16757975320215],[81.1979162273187,6.16778796255882],[81.1979933467875,6.16799583780871],[81.1981051933286,6.16819280536703],[81.1981938911831,6.16840088319513],[81.1983042581989,6.16868963056666],[81.198358088844,6.16890861668843],[81.1983544506671,6.16912673104127],[81.1983621177881,6.16935642272529],[81.198414742894,6.16965581636768],[81.1984450206107,6.16990887698722],[81.1984758364182,6.17012752768844],[81.1985299410494,6.17033499833465],[81.1985723352426,6.17055385159622],[81.1986145955869,6.17078415265611],[81.1986801375683,6.17099182488811],[81.1988952229934,6.17121336703154],[81.1990994073625,6.17140029663173],[81.1993038648195,6.17157578008083],[81.1994968759432,6.17173954409892],[81.1996088563332,6.1719249927397],[81.1996855715602,6.17215583085473],[81.1997620235807,6.1724096315597],[81.1997809968978,6.17265104385308],[81.1997773596193,6.17286915755868],[81.199762143955,6.17308706933239],[81.1996887803423,6.17333844659452],[81.1995932112742,6.17354363409835],[81.1994859299714,6.17376006482596],[81.1993676182552,6.17395333010769],[81.1992379895631,6.17412349963107],[81.1990620670911,6.17431589311028],[81.1989211339995,6.17447441376003],[81.1987911100486,6.1746789926201],[81.1986614822548,6.17484916280345],[81.1986578440779,6.17506727560385],[81.1988745509621,6.17519696577412],[81.1990792743204,6.17534948629646],[81.1991558592916,6.17559184125897],[81.1990944783066,6.17582045841778],[81.1990445346717,6.17604927821192],[81.1990293190075,6.17626718867718],[81.1990947298348,6.17648637797298],[81.1993363380187,6.17650165803342],[81.1995117259931,6.17634374529922],[81.1996192785872,6.17611579729928],[81.1996688170818,6.17590994007266],[81.1996954709946,6.17569216074636],[81.1997105447251,6.17547431970647],[81.1997600832197,6.17526839256846],[81.1999794850498,6.17523748227964],[81.2000216070534,6.17546778219647],[81.2000291430204,6.1757089912549],[81.2001170341877,6.17596292422251],[81.200275725176,6.17611470414319],[81.200439532968,6.17595658766642],[81.2005583917582,6.17574028912246],[81.2006885567446,6.1755357088862],[81.2007951580227,6.17535368655827],[81.2010379816271,6.17530014683752],[81.2012554898086,6.17537246314819],[81.2014376025712,6.17550161470293],[81.201631699758,6.1756080760715],[81.2018014238545,6.17578294992417],[81.2019132739888,6.17597991637383],[81.2020956598393,6.17609762000677],[81.2023259627253,6.17610124867775],[81.202478059181,6.17595437634674],[81.2024239527531,6.17574690700827],[81.2023466976387,6.17555047901264],[81.2022927232632,6.17533149295681],[81.2023436074341,6.17504530080066],[81.202416159868,6.1748397789648],[81.2024774070041,6.17462260740217],[81.2025272069085,6.17439378699155],[81.2025771478484,6.17416489592682],[81.2025924946668,6.17393553856233],[81.202607710331,6.17371762803075],[81.2025072984452,6.17352086526091],[81.2023490116989,6.17334612284102],[81.2021901886583,6.17320585962555],[81.2019959612158,6.17311091616793],[81.2018137172992,6.17299321097809],[81.2017018689615,6.17279631665245],[81.2016942000439,6.17256655411776],[81.2018127839496,6.17236177081329],[81.2020323169337,6.17231934283716],[81.202285633759,6.17232330555631],[81.2025503888328,6.17232754335264],[81.2027806899221,6.17233117204945],[81.2030107179237,6.17234631826362],[81.2032294406274,6.17234974422486],[81.2034480312787,6.17236468680991],[81.2036782012141,6.17237983302311],[81.2039315180394,6.17238386629734],[81.2041616780933,6.17238749499378],[81.2043915740425,6.17241408638048],[81.2045505390168,6.17255434801937],[81.2046976516193,6.17270592439536],[81.2048210801394,6.17290309115219],[81.2049213509897,6.17309985325838],[81.2049754592142,6.17330739329612],[81.2050064178538,6.17352597293264],[81.2050140876697,6.17375573505121],[81.2050100479459,6.17399681181678],[81.2049718183423,6.17421431765713],[81.2049676456679,6.17446684202311],[81.2049638700487,6.17468488531889],[81.2050759932709,6.1748704025906],[81.2053648483471,6.17481752996938],[81.2055177532866,6.17462480086531],[81.2056363371923,6.17442001835657],[81.2057203260781,6.17421469811967],[81.2058280080295,6.17397530316997],[81.2059464598829,6.17378196555472],[81.2061234630282,6.17353219877273],[81.20626438534,6.1733622300082],[81.2064167521886,6.17320390997451],[81.2066142108712,6.17310370165408],[81.206845322241,6.17306140323782],[81.2070873337685,6.17305378593226],[81.2073060555738,6.17305721010267],[81.2075247791758,6.17306070572164],[81.2077549500095,6.17307577778707],[81.2079845719725,6.17311388485374],[81.2082139316275,6.17317488401958],[81.2084442336152,6.17317858058669],[81.2086629572172,6.17318200475633],[81.2080761911484,6.17395149120443],[81.207853469145,6.17406472083309],[81.2076669106201,6.17419954213478],[81.2074807581336,6.1743113990089],[81.2072713258066,6.17444588533376],[81.2070851733202,6.17455774215586],[81.2068638886213,6.17470347080832],[81.2066890414327,6.17482704777392],[81.2065141933458,6.17495055415555],[81.2063392141049,6.17508557617995],[81.2061291026515,6.17525447088183],[81.2059420078323,6.17542370044327],[81.2057670276931,6.17555872324015],[81.2055806012205,6.17568202582384],[81.2053603989915,6.17577038219362],[81.2051513610249,6.17587045783044],[81.2049423230583,6.17597046289329],[81.2047225250712,6.17603585668268],[81.2044922221852,6.17603222890432],[81.2042857453155,6.17598300918465],[81.2042091594459,6.17574072584934],[81.2042127940296,6.17552261243318],[81.2042281399496,6.17529325387049],[81.2042897922258,6.17505311991893],[81.2043507653757,6.17484739535159],[81.2044124158554,6.17460733085995],[81.2044627619355,6.17435547728232],[81.2044898182935,6.17411480525644],[81.2045051642135,6.17388544697717],[81.2044976255516,6.17364423887438],[81.2043165961573,6.17345764587374],[81.2040745837315,6.17346533194268],[81.2038313567835,6.17354183627653],[81.2036566497321,6.17366534117165],[81.2034695549129,6.17383464000998],[81.2033628125993,6.1740165914116],[81.2032556660438,6.17422157681107],[81.2031716762597,6.1744268970453],[81.2031325034251,6.17470184625257],[81.2031288679431,6.17491996000679],[81.2031590163024,6.17518446590547],[81.2031552388866,6.175402580354],[81.2031514713523,6.17563213981734],[81.2031019346543,6.17583799715197],[81.2029833498502,6.17604278000549],[81.2028535918007,6.17622439662861],[81.2027574846417,6.17646399418853],[81.2027074116495,6.17670433112715],[81.2026576027619,6.17692163401478],[81.2025281169019,6.17709180526356],[81.2023757473584,6.17725012413488],[81.2022235089688,6.17739699699953],[81.2020373537875,6.17750885319817],[81.2018162083274,6.17765458014528],[81.201573250874,6.17771963702844],[81.2013759224471,6.1778083976318],[81.2011788671081,6.17788564082365],[81.2009702315867,6.17796268216401],[81.2007730441953,6.17805144183354],[81.2005758469225,6.17812868498989],[81.2003556419986,6.17821704005826],[81.200180792115,6.17834054296978],[81.2000284207749,6.17849886236069],[81.1998872226802,6.17868034596281],[81.1997800743281,6.17888525989509],[81.1996962139013,6.17907913418387],[81.1996005118826,6.17929576716765],[81.1994934937861,6.17948923494752],[81.1993749071855,6.17969401728154],[81.1992563196865,6.17989879864325],[81.1991489072297,6.18012674680022],[81.1990413519407,6.18035462430451],[81.1989460541638,6.18054829442955],[81.1987936819253,6.18070661226688],[81.1985710452619,6.18093274531034],[81.1984073668272,6.18107941442083],[81.1982319779545,6.18123739718944],[81.1980565890818,6.18139531024967],[81.1979265552495,6.18158844324537],[81.1978195452379,6.18179342660568],[81.1976325770812,6.18195120732237],[81.1974229983288,6.18208561936568],[81.1972251300144,6.18220878735816],[81.197084203211,6.18237875417506],[81.1969427302318,6.18257168408019],[81.1968130997431,6.18274185261887],[81.1966262717235,6.18289963305265],[81.1964627253412,6.18303485578038],[81.1962652612687,6.18313498988037],[81.1960566239507,6.18321209922425],[81.1958485328084,6.18326617489122],[81.1956057047124,6.18331978436007],[81.1953749939912,6.18333904382858],[81.1951562658976,6.1833356152592],[81.1948912332444,6.18334289214984],[81.1946025129155,6.18339568889984],[81.1943372053778,6.18341448217309],[81.1940846943413,6.1833645183037],[81.1938441668307,6.1832918637113],[81.1935457536798,6.18322971273301],[81.1933275636771,6.18319180287431],[81.1930859527983,6.18317652122088],[81.1928199760157,6.18324116928326],[81.1926012488204,6.18323766837301],[81.1923251740758,6.18321033090726],[81.1920838362848,6.18318360342022],[81.1918423556617,6.18315680359158],[81.1916127292071,6.18311869010324],[81.1913598121321,6.18309175809404],[81.1910950507701,6.18308751591843],[81.1908301501692,6.18308334518996],[81.1905768270557,6.18307930485255],[81.1903239099808,6.18305237284134],[81.190105588824,6.18302590791468],[81.1898645151377,6.18297614495379],[81.1896459199948,6.18296119641664],[81.1894277299921,6.18292328475252],[81.1892098139755,6.18287392724483],[81.1889694203139,6.18278975440203],[81.1887061411721,6.182693729345],[81.1885116379468,6.18261029684547],[81.188249170882,6.18246834457118],[81.1880556207692,6.18233898662639],[81.1878504922707,6.18220942502517],[81.1876336524358,6.18209117707277],[81.1874165386148,6.18198444729473],[81.1871990286368,6.18191205418856],[81.1869467826033,6.18183919398553],[81.1867062568894,6.18176646595004],[81.1865001851598,6.18169434699329],[81.1862712279501,6.18161030524731],[81.1860309672392,6.18151468544007],[81.1858133162256,6.18144236193084],[81.1855608060874,6.18139239430278],[81.1853420788922,6.18138888980793],[81.1851238906861,6.18135104769235],[81.1849415057339,6.18123333718989],[81.184723722668,6.18117246130629],[81.184504996371,6.18116895680998],[81.184283702689,6.18131474794498],[81.1841088474156,6.18143824656109],[81.1839221478551,6.18158450560216],[81.1837120274186,6.18175339197851],[81.1835370391945,6.18188840780203],[81.1834531733779,6.18208227920422],[81.1833915121185,6.18232241175269],[81.1833874607166,6.18256341763468],[81.1834060226053,6.18282779378756],[81.1834831402775,6.18303567206436],[81.1836181417933,6.18323297697462],[81.18380038571,6.18335068792516],[81.184005920247,6.18345728792964],[81.1842115868363,6.18355244119332],[81.1844289647621,6.18363621023867],[81.1846466157756,6.18370853255481],[81.1848642676875,6.18378092720125],[81.1850943010789,6.18379600878542],[81.1853116790046,6.18387984923922],[81.1854931207257,6.18405493112702],[81.1855811376573,6.18429742142408],[81.1856002394334,6.18452738695555],[81.1855952456988,6.18482583695643],[81.1855911969918,6.18506684259057],[81.1857020994035,6.18532118456575],[81.1857903912195,6.18555222760607],[81.1858210695848,6.18578232566142],[81.1857253612778,6.1859989576859],[81.185516314328,6.18609895636881],[81.1852982563776,6.1860495973714],[81.1851041672757,6.18595464639425],[81.1849343039403,6.18577976697275],[81.1848107469612,6.18559411063236],[81.1846762898244,6.18537377302923],[81.1844576928848,6.18535882277371],[81.1842489217178,6.18544737400634],[81.1840059588745,6.18551242367954],[81.1837973179633,6.18558945765754],[81.1837013347718,6.18581760609218],[81.1836517899889,6.18602346214296],[81.1834659007089,6.18612379394176],[81.183347438974,6.18631712704751],[81.1833898286757,6.18653591207784],[81.1835359962505,6.18674493740199],[81.1837413987351,6.18686298336991],[81.1839235123961,6.18699221071084],[81.1840702180618,6.18716675571828],[81.1839863522451,6.18736055641773],[81.1837446057207,6.18735671616345],[81.1835142983431,6.18735308042503],[81.1834304307299,6.18754695071656],[81.1835078223883,6.18774331084887],[81.1835619234262,6.18795085318038],[81.1833978326648,6.18812048056668],[81.1831895968938,6.18817455215921],[81.182970460965,6.18819408116131],[81.1827536202319,6.18807583186818],[81.1825354293309,6.18803791699853],[81.1823488600261,6.18817273027395],[81.1821851753033,6.1883193938038],[81.1819543280382,6.18835016579375],[81.181748385666,6.18826652877829],[81.1815668109943,6.18810289133407],[81.1813970886944,6.18792800994414],[81.1812264141803,6.18779898466846],[81.1809963789922,6.18778382996582],[81.1807660707163,6.18778019244414],[81.180523786101,6.18781075994984],[81.1803049160736,6.18780732515788],[81.18007366277,6.18786105919763],[81.1800082582308,6.18764186836363],[81.1801152844121,6.18744840267317],[81.1803134240177,6.18730227832342],[81.1805321530096,6.18730578367217],[81.1807619231947,6.18734383077054],[81.1809912873412,6.18740491224565],[81.1811974929197,6.18746558736131],[81.1814147387931,6.18756087386586],[81.1816325245539,6.1876217516932],[81.1818616147143,6.18769427887293],[81.1821030971341,6.18772108204392],[81.1823678593944,6.18772525809427],[81.1826106910837,6.18767172587721],[81.1828304962573,6.18760627101056],[81.1830170646637,6.18747145759064],[81.1831467014407,6.18730136291388],[81.1831157490892,6.18708271037667],[81.1829686382833,6.18693112829497],[81.1827509845748,6.1868587340799],[81.1825459881287,6.18671772425621],[81.1823990093752,6.18655469630862],[81.1823683310099,6.18632452624963],[81.1823951331447,6.18610681819176],[81.1824446788259,6.18590096217342],[81.1825061999481,6.18566083035693],[81.1825215548513,6.18543147172358],[81.1825251993164,6.18521335783688],[81.1825065062736,6.18496049922642],[81.1825101498404,6.18474238514541],[81.1824911837098,6.18450104266949],[81.1824606391935,6.18425942679859],[81.1824412661261,6.1840409766273],[81.1823987452705,6.18383363817106],[81.1823451832217,6.18359168708693],[81.1822914891205,6.18336118172269],[81.1822951326873,6.18314313842912],[81.1823565217572,6.18291445209351],[81.1824290831743,6.18270893063424],[81.1825020506298,6.18248051918279],[81.1825631737984,6.18227479482323],[81.1825092066094,6.18205580708428],[81.1823266896049,6.18194961315399],[81.1821328682009,6.18183169826675],[81.1819506242842,6.18171398608505],[81.1817806306931,6.181550552024],[81.1815868092891,6.18143270760209],[81.1813456044488,6.18139438679208],[81.1811376435622,6.18143700962816],[81.1809295434368,6.18147963424698],[81.1806635648576,6.18154427626507],[81.1804444316238,6.18156380372591],[81.1802141278394,6.18156016526835],[81.1799962118229,6.18151073261371],[81.1797315843099,6.18149503919617],[81.1794886232632,6.18156008578313],[81.1792798511979,6.18164863586572],[81.1790934148438,6.18177200133322],[81.1788841046877,6.18189495862908],[81.1786750577379,6.1819949554088],[81.1785000686155,6.18212996938449],[81.1783139071459,6.18224181565173],[81.1781390500759,6.18236531315834],[81.1779643340413,6.18248880974304],[81.1777698326126,6.18240537363883],[81.1777970416843,6.18216470259402],[81.1775551577176,6.18216085962274],[81.1773248521366,6.18215722116929],[81.1771276575587,6.18224590243629],[81.1769179395674,6.18239182277259],[81.1767310971749,6.18253815031796],[81.1766244860152,6.18272016660249],[81.1764159780547,6.18278575335831],[81.1762513483041,6.18298978779329],[81.1760339712767,6.18290594541218],[81.1760267191774,6.18265321787575],[81.1760762657569,6.18244736229905],[81.1761948631374,6.18224258460312],[81.1763364762537,6.18203814263026],[81.176477277293,6.18187969926549],[81.1766750198432,6.18176798420617],[81.1769181129423,6.1816914908852],[81.1771376522146,6.18164907169462],[81.1773571905885,6.18160665339371],[81.1775874970678,6.18161029274402],[81.1777846907474,6.18152154081621],[81.1778116267312,6.18129238669205],[81.1777575292865,6.18108484442621],[81.1775646529101,6.18090955614382],[81.1773336762877,6.18095184232281],[81.1771149499907,6.18094833514575],[81.1768959488093,6.18095634440565],[81.1767022612542,6.18082698162565],[81.176543441807,6.18068671056819],[81.1763501602904,6.18053438538511],[81.1762383191392,6.18033741437866],[81.1761030553153,6.18016306984955],[81.1759795019295,6.1799774124306],[81.1758909513987,6.17976933021946],[81.175802258934,6.17956124792647],[81.1756671280608,6.17937538667052],[81.1754920059877,6.17952184722832],[81.1754081365778,6.17971571681843],[81.1752330064199,6.17985072958955],[81.1750249143793,6.17990479666915],[81.1748060470468,6.17990136003968],[81.174611687552,6.17981785207977],[81.1743022466827,6.17973259274687],[81.1740937396204,6.17979817808692],[81.1739751431383,6.18000295494283],[81.1739255947622,6.18020880968452],[81.173773488425,6.18035567458332],[81.1735306594307,6.18040920307555],[81.1733254015747,6.18029115209464],[81.1731781542249,6.18013956806615],[81.1729959130033,6.18002185282871],[81.1728020933959,6.17990393483251],[81.1727132697772,6.17970736905661],[81.1726711585533,6.17947706562567],[81.1726171958559,6.17925807583558],[81.1726905729432,6.17900663082932],[81.1728985329315,6.17896400958365],[81.1731752769211,6.17894543138859],[81.1734061196946,6.17891466331683],[81.1736481357136,6.17890706217122],[81.1738668620106,6.17891049970025],[81.1740864012828,6.17886808207289],[81.1742726948048,6.17874471860762],[81.1744137698303,6.17857475776805],[81.1744979132263,6.17836944182166],[81.1746391194058,6.17818796436464],[81.1748488356005,6.17804204376207],[81.1750682419221,6.17801114256621],[81.1752872413069,6.17800313415481],[81.17549371638,6.1780522938491],[81.1757120357401,6.17807876527624],[81.1759424715768,6.17807088904439],[81.1761404782317,6.17793628217894],[81.1762016031969,6.1777306301798],[81.176205250357,6.17751251579724],[81.1761398476144,6.17729332335386],[81.175935129646,6.17714086412224],[81.1757410369508,6.1770343941309],[81.1755240695551,6.17692765708121],[81.1753068281734,6.17683236687494],[81.1751007600371,6.17676017311842],[81.1748712683298,6.17671060605039],[81.1746647932566,6.17666137478344],[81.1744239971498,6.17660015810263],[81.1741945063408,6.1765505901265],[81.1739764519837,6.17650122577267],[81.1737577283816,6.17649771677992],[81.1735278297375,6.17647111309482],[81.1733091052372,6.17646767465686],[81.1730789344035,6.17645251605715],[81.1728366542798,6.17648307975195],[81.1726280151652,6.17656018113414],[81.1724191110476,6.17666017356332],[81.172175876913,6.17673666403916],[81.1719335967893,6.17676729916556],[81.171691713721,6.17676345258266],[81.1714859186725,6.17667981105573],[81.171490239569,6.17641577031645],[81.1716992847222,6.1763157778411],[81.1719536831191,6.17625093691591],[81.1721623222337,6.17617390782988],[81.1723593820643,6.17609667510548],[81.1725455444322,6.17598475877068],[81.1727090953061,6.17584961372749],[81.1728616067834,6.17567985737191],[81.1729341717938,6.17547433667544],[81.1729839932578,6.17525696531801],[81.1730110639889,6.17501629370179],[81.1730147120472,6.17479817998729],[81.1730074617446,6.1745455227068],[81.1729652121801,6.17431521970957],[81.1729226940194,6.17410788012222],[81.1728575589748,6.17386572364306],[81.1727925649657,6.17362356794629],[81.1727736042249,6.17338222486527],[81.1727658149331,6.17316390684958],[81.1728043230144,6.17292343880374],[81.1730223746766,6.17297280438418],[81.1730879076749,6.17318055077921],[81.1731302919866,6.17339933677558],[81.173160964962,6.1736294374361],[81.1732150597118,6.17383698083875],[81.1732458737226,6.17406708041602],[81.1732988833076,6.17433199578251],[81.1733524390682,6.17457394931386],[81.1734178400141,6.17479314198988],[81.1734835140479,6.17500081800889],[81.1735723367683,6.1751974543014],[81.1737067849219,6.17541772469413],[81.1738758307904,6.17563853532206],[81.17401122487,6.17580143356144],[81.1741937382812,6.17590763140469],[81.1743879630288,6.17600258597123],[81.1746065545785,6.17601754095669],[81.174837397352,6.17598677182167],[81.1750573399678,6.17592139142274],[81.1752207498062,6.17578617491523],[81.1753618230351,6.17561621401892],[81.1754003392012,6.17538719219646],[81.1754046583011,6.17512322226083],[81.1755455976809,6.17496470716393],[81.1757207188557,6.17481824802464],[81.1759298960612,6.17470673688873],[81.1761388073653,6.1746181892172],[81.1763475767357,6.17452964063777],[81.1765563470043,6.17444116259881],[81.1767652502236,6.17434116885748],[81.1769629882823,6.17422945488639],[81.1771495539937,6.17409464430954],[81.1773358457191,6.17397135118042],[81.1774886302843,6.17379000528862],[81.1776185293693,6.17359694714782],[81.177770774047,6.17345008126712],[81.1779118463776,6.17328011872802],[81.1780413394241,6.17310995429232],[81.1781825429087,6.17292847503271],[81.1782779880093,6.17273480837199],[81.1783850043091,6.17252989831128],[81.1784469395546,6.17227824826762],[81.178439820406,6.17201407494015],[81.1783514019276,6.17179454709154],[81.1782275772505,6.17162033639514],[81.1780688934488,6.17146862038354],[81.1778865219714,6.17136235288084],[81.1776927050589,6.17124450708431],[81.1774515038119,6.1712061837507],[81.1772212027225,6.17120254432885],[81.1769556355717,6.17124422128927],[81.1767920873928,6.17137943717002],[81.1766738987458,6.171561250983],[81.1765094046408,6.1717538400905],[81.1763340121749,6.17191174615521],[81.1761366801547,6.17200049701473],[81.175917145374,6.17204291608529],[81.1756993667997,6.17198203467941],[81.1755525263867,6.17180748734271],[81.1754297886711,6.17157590332987],[81.1753070509555,6.17134431921584],[81.1752066498495,6.17114755020591],[81.1750380127145,6.17090377673736],[81.1748678915626,6.17075185689142],[81.1747092086592,6.17060006918231],[81.1745272360338,6.17045939083641],[81.174346889359,6.17022693098538],[81.174246488253,6.17003016334678],[81.1741345168461,6.16984463723525],[81.1740345226769,6.1696249048583],[81.1739473259072,6.16933648666175],[81.1739163789457,6.16911790440391],[81.1739085896538,6.16889958641753],[81.1739122377122,6.16868154163412],[81.173951151832,6.16841811137118],[81.1740361046101,6.16816686931474],[81.1741316853563,6.16796168508777],[81.1742613113535,6.16778007456346],[81.1743910783862,6.16759839431391]]]}},{"type":"Feature","properties":{"wdpaid":555592536,"name":"Hikkaduwa","designation":"National Park","designation_type":"National","iucn_category":"II","marine":true,"area_km2":1.968643,"status":"Designated","status_year":2002,"governance":"Federal or national ministry or agency","managing_authority":"Department of Wildlife Conservation","iso3":"LKA"},"geometry":{"type":"Polygon","coordinates":[[[80.0959149135702,6.13979775693657],[80.0954440346646,6.13970432499062],[80.0951686992334,6.13966582521499],[80.0948819282486,6.13962716913313],[80.0945834953348,6.1395997320663],[80.0942851468626,6.13956091967609],[80.0939639272833,6.13952172590251],[80.093653987849,6.13949413163358],[80.0932865867793,6.13946561829845],[80.0929651408246,6.13943786772308],[80.0926436957681,6.13941011803937],[80.0923104315775,6.13940503236866],[80.0918970762911,6.13937589292141],[80.0915523774452,6.13937065094678],[80.0912306197751,6.13936579124599],[80.090920370422,6.13936108695549],[80.0906101192724,6.13935638177182],[80.090299487237,6.13937456836041],[80.0900122500266,6.13937017578398],[80.0897246301339,6.13938874375277],[80.0894601786906,6.13939617933585],[80.0891957281457,6.13940361313248],[80.0887124003869,6.13944199592266],[80.0883328702642,6.13945917502046],[80.0879765085909,6.13946521994776],[80.0876892013119,6.13946082558574],[80.0874495469638,6.13934274316972],[80.0872713203131,6.13893951733858],[80.0871723223756,6.13862901775316],[80.0870960392383,6.13833034616982],[80.0870090149451,6.1379856656803],[80.0869224577759,6.13760672043684],[80.0868593098047,6.13719375062823],[80.0867962336987,6.13678085195296],[80.0867332420344,6.13635643734001],[80.0866704767455,6.13592064698945],[80.0866077123549,6.13548478661531],[80.0865677337315,6.13506075503355],[80.08653910622,6.13464839418114],[80.0864988158812,6.1342471815797],[80.0864931789528,6.13302263901766],[80.0864998489438,6.13255351891928],[80.0865411220395,6.13207349362988],[80.0866400121792,6.13158294271998],[80.0867274667654,6.13109216717145],[80.086788424644,6.13084128975921],[80.0868266677222,6.13057865532842],[80.0868990467813,6.13033944972881],[80.0869864304006,6.12984867303621],[80.0870129396846,6.12959732790625],[80.0870743512124,6.12932363082886],[80.0871241852528,6.1290497067432],[80.0871628945566,6.12875273576922],[80.0872243896278,6.12846759303183],[80.0872866653348,6.12812522397396],[80.0873598223349,6.1278287919677],[80.0874218563952,6.12750931299539],[80.0874838176919,6.12718983383183],[80.0875346569471,6.12684723708551],[80.0875851835885,6.1265276021115],[80.0876242037096,6.12620774097026],[80.0876630693203,6.12589939458793],[80.0877017076573,6.12560242543382],[80.0877401052458,6.125328344917],[80.0877788136514,6.12503137365888],[80.0878304308477,6.12463162133288],[80.0878932419506,6.12425491475736],[80.0879436967269,6.12393528001777],[80.0881539366393,6.12369815793124],[80.088475684428,6.1237030177748],[80.0889353631387,6.12370996232237],[80.0891996510885,6.12371397184958],[80.0895903643382,6.12371990887939],[80.0898889436774,6.12373590322132],[80.0901873667097,6.12376334199747],[80.0904972971609,6.12379093618715],[80.0908187323358,6.12381868579032],[80.0911743061865,6.12386986463652],[80.0914612235967,6.12389707742894],[80.0917367072499,6.12392413212552],[80.0920119627311,6.12396263303751],[80.0923217368753,6.12400167164647],[80.0925969088132,6.12405161787455],[80.0928607296391,6.12408996336251],[80.0933311522006,6.12414291069629],[80.0938356263012,6.12423066200994],[80.0941106428305,6.12429205174679],[80.0943631134427,6.12431872413874],[80.0947074915901,6.12434685510588],[80.0949947916826,6.12435117367142],[80.0952935282269,6.12435571910679],[80.0956036149849,6.1243718652717],[80.0959483749162,6.12437710292778],[80.0962586170828,6.12438180377768],[80.0965573527288,6.12438634831958],[80.0968331480974,6.12439051057685],[80.0971092533848,6.12437178220518],[80.0973968651927,6.1243532789163],[80.0977993966783,6.12433647536422],[80.0981096388448,6.12434117532127],[80.0984083753892,6.12434571807714],[80.0987071110352,6.12435026083298],[80.0990059176482,6.12435480358877],[80.09928155671,6.12437041116115],[80.0995454637741,6.12439730595306],[80.099809751724,6.12440131100911],[80.1000965855908,6.1244399637287],[80.1004521612382,6.12449113715624],[80.1007044773402,6.1245293218388],[80.1011748172567,6.12459363762493],[80.1015761899155,6.12465694856705],[80.101966213259,6.12470865877958],[80.1023560802957,6.12477174283839],[80.1037168419999,6.12502050892986],[80.1024956739993,6.12610420203685],[80.1019525184425,6.12691743510241],[80.1012738250757,6.12773049811741],[80.1004602712285,6.12800078405592],[80.0996462080366,6.12867802296337],[80.0993746257666,6.12908463813665],[80.0992385813068,6.12949142270423],[80.098153611378,6.13003266790353],[80.0977470024393,6.13003215700524],[80.0978818584281,6.13057493256291],[80.0984233233555,6.13111822025189],[80.0982871064191,6.13166065619068],[80.0980141596082,6.13315248235764],[80.0977424039634,6.13369474741757],[80.0974706483186,6.13423701103286],[80.0971988908771,6.13477927588287],[80.0970606248836,6.13694952839672],[80.097195479974,6.13749230495076],[80.0968941499934,6.13999201258904],[80.0959149135702,6.13979775693657]]]}},{"type":"Feature","properties":{"wdpaid":555592538,"name":"Rumassala","designation":"Sanctuary","designation_type":"National","iucn_category":"IV","marine":true,"area_km2":1.497584,"status":"Designated","status_year":2003,"governance":"Federal or national ministry or agency","managing_authority":"Department of Wildlife Conservation","iso3":"LKA"},"geometry":{"type":"Polygon","coordinates":[[[80.2390522239051,6.02324899243577],[80.2387480606381,6.02321146076035],[80.2386101485808,6.02321054864376],[80.2383920591893,6.0232091335677],[80.2382887313721,6.02320839744225],[80.2381736643707,6.02323068220998],[80.2380128847995,6.02322960571592],[80.2377946525759,6.02322819242661],[80.2376797391865,6.02323888857881],[80.2374269011632,6.02326019065365],[80.2371858023241,6.02325861209356],[80.2370708880363,6.02326937971366],[80.2369101075668,6.02326830411301],[80.2366915609329,6.0233012966429],[80.2365193476047,6.02330021032204],[80.2364273008308,6.02331107085034],[80.2363011046014,6.02331024092266],[80.2361746164195,6.02332092635299],[80.2360595494181,6.02334313964764],[80.2359332013734,6.02335375539555],[80.2357262403117,6.02337538443413],[80.2355654598422,6.02337430794034],[80.2354621320249,6.02337364060355],[80.2353127754309,6.02338416344185],[80.2351405612044,6.02338300386599],[80.235048667144,6.02338241871793],[80.2349108961222,6.02338150570828],[80.2348074155914,6.02339235640803],[80.2346696445695,6.02339144339837],[80.2345777514075,6.02339078678185],[80.2344628470012,6.0233900381497],[80.234359519184,6.02338937081289],[80.2342449103234,6.02337710593082],[80.2341415932859,6.02336499291893],[80.2340498510409,6.02335289062707],[80.2339236781677,6.02332909787959],[80.2337979616386,6.02327082605706],[80.233706548177,6.02321272932603],[80.2336266978297,6.02316630071401],[80.2335701946966,6.02306252487683],[80.2335481230901,6.02297044126982],[80.233549071711,6.02286707544593],[80.233549869415,6.02277515529009],[80.2335506662207,6.02268323511871],[80.2335746108146,6.02259148020282],[80.2335871566858,6.0224652327459],[80.233588410734,6.02233883517558],[80.2336011102171,6.02220107227843],[80.2336019061245,6.02210915200985],[80.2336028547454,6.02200578602205],[80.23360395608,6.02189090373311],[80.2336049047009,6.02178753770373],[80.2336061578507,6.02166113997569],[80.2336072708634,6.02153481100684],[80.2336080667707,6.02144289062555],[80.2336093208188,6.02131649281729],[80.2335994680968,6.021144086967],[80.2336002640041,6.02105223798834],[80.2335783567893,6.02093719201289],[80.2335562851828,6.02084510804556],[80.2335112050269,6.02075293115317],[80.2334545392988,6.0206721168947],[80.2333632893305,6.02059112931226],[80.2332950245554,6.02053319577961],[80.2332039156227,6.02045220728311],[80.2331010693024,6.02039409863691],[80.2330212297349,6.02033608289403],[80.2329296527799,6.0203010193735],[80.232849649719,6.02026603714657],[80.2327352169282,6.02021936260834],[80.2326320526044,6.02019566263315],[80.2325174563202,6.02017195104325],[80.2323915879759,6.02012519520109],[80.2322655678162,6.02008988509925],[80.2321393958413,6.02006609131544],[80.2320246351655,6.02006534178533],[80.2319214708416,6.02004164180342],[80.2318067101657,6.02004089227327],[80.2317148161054,6.02004030712161],[80.2315999143941,6.02003955669811],[80.2314851528199,6.02003880806133],[80.2313473826963,6.02003789415267],[80.2312093080439,6.02005994320308],[80.2310597996346,6.02008190917004],[80.2309677420809,6.02010428608223],[80.2308409260139,6.02016089480608],[80.2307141090486,6.02021750531078],[80.2306101595972,6.02027427840126],[80.230495247106,6.02028504518715],[80.2303801693249,6.02031870255873],[80.2302882752646,6.02031811830071],[80.2301963821026,6.02031753225599],[80.2300359187384,6.02028197470566],[80.2299443310036,6.02025842660458],[80.2298643396208,6.02021192805784],[80.2297733842999,6.02011942230111],[80.2297165658582,6.02005012516244],[80.2296486307648,6.01994626743402],[80.2296380045933,6.01984281884535],[80.229627521254,6.01973937113033],[80.2296054622239,6.01963577063076],[80.2296064108448,6.01953240506566],[80.229641639177,6.01945224814028],[80.2296884530814,6.01936058558833],[80.2297236921934,6.01926898198285],[80.2297817763613,6.01920036369139],[80.2298284375521,6.01912028890639],[80.229921432947,6.01900599294678],[80.2300258620987,6.01889184883487],[80.2300838052312,6.01882323138915],[80.2301650497638,6.01874340222353],[80.2302229928963,6.0186748553348],[80.2302583730437,6.01858318103799],[80.2303055139349,6.01844559407454],[80.2303067805594,6.018307748894],[80.2303077300787,6.01820438396967],[80.2303086679198,6.01811246391826],[80.2302753386262,6.0179858893424],[80.2302305755756,6.01785923344085],[80.2301740742392,6.01775545658991],[80.2301289842018,6.01767472586195],[80.2300385085813,6.01752477895755],[80.2299821599585,6.01740948655967],[80.2299369279873,6.01732882635624],[80.2299148689572,6.01722522539712],[80.229869953193,6.01711008480797],[80.2298021708132,6.01699471102579],[80.229746607318,6.01679908609895],[80.2297023140862,6.01662643403289],[80.2296804176512,6.01649994219412],[80.229681519884,6.0163850596345],[80.2296594608539,6.01628152996491],[80.229660714902,6.01615513095612],[80.2296388202636,6.01602863900771],[80.2296397688845,6.01592527275656],[80.2296407193021,6.01582183680311],[80.2296416679231,6.01571847140602],[80.2296426183406,6.01561510509594],[80.2296437187769,6.01550022324271],[80.2296448210097,6.01538534136521],[80.2296468727618,6.01516702159864],[80.2296478330609,6.01505213965074],[80.2296489352937,6.01493732825477],[80.2296508343322,6.01473052563509],[80.2296174942588,6.01461539791814],[80.229618594695,6.01450051585373],[80.2295978022894,6.01425914140493],[80.2295987509104,6.01415570513449],[80.2296003220638,6.01399489833205],[80.2296020683887,6.01379961270053],[80.2296031697233,6.01368472957036],[80.2296045998412,6.01352392262867],[80.2296293538172,6.0133288021019],[80.2296306087636,6.01320240330016],[80.229654577612,6.01308768531781],[80.2296555271313,6.01298431940107],[80.2296794851999,6.01288104726887],[80.2296920202914,6.01276624702842],[80.2297047080965,6.0126399302863],[80.2297056692938,6.01252511838112],[80.2297297791777,6.01241032967944],[80.2297539007397,6.01228416562164],[80.2297665876465,6.01215784876759],[80.2297916587278,6.01192824885062],[80.2298041947175,6.01181344840909],[80.2298283162795,6.01168721363625],[80.2298527540485,6.0115265713785],[80.2299006800673,6.01130858061208],[80.2299251178363,6.01114793824255],[80.2299614466046,6.01095282758408],[80.2300082721871,6.01084979002422],[80.2300790540416,6.01064340931115],[80.2301147503961,6.01051725735092],[80.2301617268956,6.01040270229046],[80.2302088570069,6.01027663157174],[80.2302558344047,6.01016207824737],[80.230325982947,6.01002465532163],[80.2303843941017,6.00991018234823],[80.2304429453936,6.00979571024412],[80.2306062519257,6.00952102766123],[80.2306529122182,6.00944095323777],[80.2307344828393,6.00931505829193],[80.230827651609,6.00916635266672],[80.2308857339803,6.00909780457091],[80.2309439807433,6.00900629482838],[80.2310485715918,6.00886911818361],[80.2311183931473,6.00877761912318],[80.2312347330614,6.00860611607813],[80.2313045653967,6.0085031718789],[80.2313859734227,6.00840030895784],[80.2315140399445,6.00821730083683],[80.231560700237,6.00813722532821],[80.2316651383719,6.0080114935696],[80.2317233842366,6.00791998364442],[80.2318162251212,6.00781720280428],[80.2319325533573,6.00765714456922],[80.2319906474067,6.00757708059217],[80.2320487288797,6.0075085331896],[80.2321068121494,6.00743998577839],[80.2322229876718,6.00729144402333],[80.2323275659439,6.00716571296275],[80.2324321558941,6.00702853496084],[80.2325018238377,6.00694862365979],[80.2325713399659,6.00688015836933],[80.2326294223372,6.0068115403018],[80.2326989492453,6.00673162807551],[80.2329544606548,6.00642312222803],[80.2331050775852,6.00627475529881],[80.2331748991407,6.00618332727308],[80.2332444143707,6.00611479130907],[80.2333255160711,6.00603496117189],[80.2333951840147,6.00595497825431],[80.2335345190034,6.00579508385465],[80.2336621166047,6.00565800020624],[80.2337200588389,6.00558945166872],[80.2338128970285,6.00548667128205],[80.2339522329156,6.00532677585151],[80.2340219008592,6.00524679372329],[80.2341030016613,6.00516689288144],[80.2341841033618,6.00508706260532],[80.2342537713054,6.00500708133529],[80.234416124725,6.00483583439788],[80.234485651633,6.00475585130418],[80.2345667533335,6.00467595039031],[80.2346364203787,6.0045960378507],[80.2347175211809,6.00451613780676],[80.234845107104,6.00439056870191],[80.2349030484399,6.00432202089825],[80.2349957231362,6.00424220211237],[80.2350768239383,6.00416237170075],[80.2352044206413,6.00402528674804],[80.2352739358712,6.00395682109009],[80.2353434511012,6.00388835542353],[80.235447712268,6.00379717178557],[80.2355286603565,6.00372878829065],[80.2356675273231,6.00361474728698],[80.2358295636374,6.00347797756262],[80.2359684297056,6.00336400797752],[80.2361303160013,6.00323868518244],[80.2362807676417,6.00311334985109],[80.2363502711935,6.00305633018122],[80.2364542386112,6.00297659161495],[80.2366046902517,6.00285118743227],[80.2366857793757,6.00278280292524],[80.2367667283626,6.00271441840964],[80.2369055926342,6.00260044777146],[80.2370214402715,6.00249783031123],[80.2371485671556,6.00240674024651],[80.2372988660824,6.0022928508425],[80.2373912371482,6.00223599368383],[80.2374836073155,6.00217913741262],[80.2375645428277,6.00212226862802],[80.2376800742581,6.00205405913412],[80.2377954628563,6.00198592020956],[80.2379227307759,6.00189483005929],[80.2379920941906,6.00183787905301],[80.2381076346041,6.00175822428723],[80.2382234813431,6.0016555351971],[80.238304276718,6.00159866635785],[80.2384431418879,6.00148469459289],[80.2385818426661,6.0013936874443],[80.2386975483697,6.00129099828548],[80.2388362500462,6.0012000598957],[80.2389749508243,6.00110905091277],[80.2390904921362,6.00102939514707],[80.239171429445,6.00097245566449],[80.2392869698585,6.00089279987882],[80.2393909246998,6.00082457772353],[80.239495033153,6.00074484061748],[80.2395643947711,6.00068781980638],[80.2396224762441,6.00061927064355],[80.2397034117562,6.00056240169619],[80.2397957810253,6.00050554525037],[80.239888303008,6.00043724174784],[80.2399690867049,6.0003918189401],[80.2400614568723,6.0003349606897],[80.240188420263,6.00026683316438],[80.2402692039598,6.00022141034245],[80.2403612579203,6.00019903082587],[80.2404536164096,6.00015369019055],[80.24054567037,6.00013138214272],[80.2406605801662,6.00012061317129],[80.2407639025936,6.00012127874985],[80.2408673786328,6.00011049816408],[80.2409588019759,6.00015700736232],[80.241015467704,6.00023781930715],[80.2410835564093,6.00033015869873],[80.2411399059305,6.00044545114065],[80.2411845180641,6.00058362336015],[80.2412176973391,6.00072164188103],[80.241273262631,6.0009173369103],[80.2412945410251,6.00110127125168],[80.2412929510071,6.00128511083147],[80.2412918523675,6.00139999300455],[80.2412909046449,6.00150335933376],[80.2412896434102,6.00164120430377],[80.2412766420931,6.00180199956761],[80.2412523723091,6.00193968186489],[80.2412514245865,6.00204304809178],[80.2412272958379,6.00218080001263],[80.2412033413626,6.00228400180992],[80.2411789179666,6.00243319978561],[80.2411773279485,6.00261703980945],[80.241176229309,6.00273192259511],[80.2411752815863,6.00283528867172],[80.2411741829467,6.00295017141133],[80.2411733879377,6.00304209223719],[80.2411721365845,6.00316842014017],[80.2411708735532,6.00330626468897],[80.2411469082981,6.00342098383918],[80.2411345393949,6.00351282239384],[80.2411334398571,6.00362770499063],[80.241132328641,6.00375410422883],[80.241131382715,6.00385747011148],[80.2411190021338,6.00396075378288],[80.2411526602108,6.00404140256708],[80.2411861547945,6.00414501407675],[80.241242821421,6.00422582721695],[80.2412763151063,6.00432943779819],[80.2413210799536,6.00445609416901],[80.2413891677605,6.00454850431672],[80.2414342488148,6.00464068127484],[80.2415021955862,6.00473302081371],[80.241386806988,6.00480123175899],[80.241294446702,6.004846572901],[80.2411082807409,6.00512109524594],[80.2410502001662,6.0051895741583],[80.240934341749,6.00530370863777],[80.2408183324149,6.00542935972358],[80.2407600991267,6.00550935522577],[80.2406789992228,6.00558925691078],[80.2405975822136,6.00570363698732],[80.2405163188164,6.00580650131119],[80.2404349018073,6.00592081076477],[80.240306990694,6.00609230572182],[80.2402254218695,6.00621813172897],[80.240155603009,6.00630963211292],[80.2400511783488,6.00642377797164],[80.2399354726453,6.00652646705635],[80.2398543718431,6.00660636859213],[80.2397734354326,6.0066632369086],[80.2396923454103,6.00673162182182],[80.2396112437098,6.00681152332749],[80.2395071235784,6.00690277793143],[80.2393912768394,6.00700539634858],[80.2393101760373,6.00708529692069],[80.2392059040906,6.00718799838798],[80.2391132275977,6.00726781674211],[80.2390322804075,6.00733620157944],[80.2389627651775,6.00740466859929],[80.2388932499476,6.00747313471719],[80.2388234301888,6.0075645643131],[80.2387534469365,6.00767902616582],[80.2386717029406,6.00783933096772],[80.2386009363575,6.00803419706251],[80.2385304734049,6.00820602905187],[80.2384836612971,6.00829762201335],[80.2384485766954,6.00837785115983],[80.2383785934432,6.00849224226452],[80.2382973399274,6.00858358860493],[80.2382162382269,6.00866348983881],[80.2381003905896,6.00876610792403],[80.2380077033169,6.0088574443913],[80.2379264498011,6.00894879067041],[80.2378680521211,6.00905181786961],[80.237821392727,6.00913196471405],[80.2377745698394,6.00923500438589],[80.2377160077677,6.009360993155],[80.2376806186371,6.00946418376449],[80.2376219164283,6.00959017426734],[80.2375635070702,6.00970464730805],[80.2375165323673,6.0098192016221],[80.2374582972824,6.00989926616277],[80.237400052316,6.00999077664855],[80.2373419582666,6.01007084205733],[80.2372607038525,6.01016218902617],[80.2372026107014,6.01024225440973],[80.2371100977019,6.0102991098391],[80.2369716987576,6.01036708602221],[80.2368794804055,6.01041242580733],[80.2367639471785,6.01048063514765],[80.2366485558853,6.01054877390268],[80.2365674649646,6.01061722890455],[80.2364981024483,6.01067417899269],[80.23642858632,6.0107426446993],[80.2363243242548,6.01083389864421],[80.236220214005,6.01091363605984],[80.2361275150542,6.01101641720863],[80.2360578462123,6.01109632880586],[80.2359535715708,6.01119909919963],[80.235883751812,6.01129052816965],[80.2358712176188,6.01140532782812],[80.2358699527909,6.01154317297164],[80.2358920252957,6.01163525672781],[80.2359026631453,6.01172718770125],[80.2359013992157,6.01186503276327],[80.2358661610021,6.01195670729938],[80.2357850700814,6.01202516212412],[80.2356928499326,6.01207050177105],[80.2355889040745,6.01212727571231],[80.2354852501688,6.01217253494708],[80.2354157448203,6.01222948397903],[80.2353344913045,6.01232090116201],[80.2353106751697,6.01242410282404],[80.2352865661841,6.01253882183967],[80.2352857711751,6.01263074193995],[80.2352619658201,6.01272249764401],[80.2352262595842,6.01286009677621],[80.2352021505986,6.01297481480652],[80.2352126249548,6.01308978027691],[80.235269302361,6.01315914709254],[80.2353718207962,6.0132631803253],[80.2354053153799,6.01336679097306],[80.2353699253509,6.01346998171618],[80.2352883538315,6.01359580691097],[80.2352301187466,6.01367587178925],[80.2351372670822,6.01379009918648],[80.2350674338486,6.01389304417217],[80.2350434766784,6.01399631611225],[80.2350887104462,6.01407697681008],[80.2351683964018,6.01414643730374],[80.2352480697809,6.01422741423262],[80.2353279075518,6.01428535826445],[80.2352810954441,6.01437695109593],[80.2351890387887,6.01439932824299],[80.235039215969,6.01445577496756],[80.2349238345572,6.01451246736316],[80.2348082896521,6.01459212204948],[80.2347498910738,6.0146951490734],[80.2347833847592,6.01479876123509],[80.2348400397075,6.01489102043395],[80.2349421125783,6.01501808529693],[80.2350216242607,6.01512202526369],[80.2350783007687,6.0151913212439],[80.2351578232309,6.01528374386272],[80.2352371821997,6.0153991287284],[80.2352822497792,6.01550282294587],[80.2352813128364,6.01559474343857],[80.2352689430349,6.01568658083242],[80.2352219656371,6.01580113567348],[80.2351405468313,6.01591551539025],[80.2350477059467,6.01601829559388],[80.2349669078768,6.01607523439605],[80.2348631129356,6.01612049240891],[80.2347361558332,6.01617710333445],[80.234644088398,6.01621092623345],[80.2345175894363,6.01623305762894],[80.2344253908471,6.01625543469961],[80.2343103148626,6.01628916468351],[80.2342066834148,6.01631145956207],[80.2341031930025,6.01633375622644],[80.2340557466841,6.01649430504742],[80.2340319422274,6.01658606099296],[80.2340079742773,6.01670078002399],[80.2340529008213,6.01680447309982],[80.2340981336908,6.01688513427445],[80.2341430611331,6.01698882820848],[80.2342335367536,6.01713877436736],[80.2342903560936,6.01720814066645],[80.2343583028651,6.0173004816461],[80.2344035357346,6.01738121421636],[80.2345059140326,6.01748524574791],[80.2345627333726,6.01755454321366],[80.2347477953043,6.01740642320889],[80.2348174533663,6.01733795655442],[80.2348641136588,6.01725781002575],[80.2349223721,6.01715485406338],[80.2349921936554,6.01706335460997],[80.2350731453372,6.0169949709954],[80.2351542470377,6.01691507009195],[80.2352239167779,6.01683515934968],[80.2352935856198,6.01675517623301],[80.2353978611596,6.01665247657174],[80.2354559444293,6.01658392941928],[80.2355368943144,6.01651554485101],[80.2356178343182,6.01645860609493],[80.2357214774441,6.01642479393175],[80.2358135224214,6.01641393326583],[80.2359168493403,6.01641459971784],[80.2360425631744,6.01647287227571],[80.2361109680867,6.01653080356114],[80.2362022288347,6.01660027624847],[80.2362819040105,6.01668125281189],[80.2363728602297,6.01677375826049],[80.2364412651419,6.01683161983126],[80.2365663483587,6.01695884862011],[80.2366687266567,6.01706295170181],[80.2367482500172,6.01715537400245],[80.236827925193,6.01723628080063],[80.2369076003688,6.01731725816264],[80.2369758516692,6.01738663605271],[80.2370669606019,6.01746762411274],[80.237158070433,6.01754868273655],[80.2372607649379,6.01761823569667],[80.2373639292618,6.01764193578428],[80.2374558224238,6.01764252004516],[80.2375589966291,6.01765470286711],[80.237685168604,6.01767849496974],[80.2377883437077,6.0176906777909],[80.2378800742746,6.01771422510992],[80.2379600764372,6.0177492057144],[80.2380515006786,6.0177957857681],[80.2381313402461,6.01785373031299],[80.2382113307306,6.01790022816813],[80.2383027450905,6.01795825310475],[80.2383825837597,6.01801626731476],[80.2384624350053,6.01806269368684],[80.2385306881023,6.01813207326848],[80.2386105150934,6.01820153324404],[80.2386787681903,6.01827091102124],[80.2387924176502,6.01839805817706],[80.238837651418,6.01847878879757],[80.238882743252,6.01855952029944],[80.2389162378357,6.01866313083121],[80.2389384522744,6.01875514459263],[80.2389487846968,6.01887010884074],[80.2389705302149,6.01900811736402],[80.2389697352058,6.01910003815732],[80.2389913387901,6.01923804572888],[80.2390019658599,6.01934149443269],[80.2390237230561,6.0194679856101],[80.2390224591265,6.01960582960296],[80.2390673766873,6.01972104023893],[80.2391007185574,6.01983616776786],[80.2391456370165,6.01995130688605],[80.2391789788866,6.02006643525953],[80.2391896176345,6.02015843716963],[80.2391999401755,6.02028484686103],[80.2392216973717,6.02041133871218],[80.2392436063831,6.02052638479903],[80.2392425059469,6.02064126826993],[80.2392413938326,6.02076766712863],[80.2392401415811,6.02089399538251],[80.2392390312634,6.02102039418242],[80.239249669113,6.02111232535556],[80.2392833280883,6.02119297427706],[80.2392823803657,6.02129641099497],[80.2392815853567,6.02138825993232],[80.2392806367358,6.02149169661302],[80.239256669684,6.0216064146084],[80.2392214431484,6.02168657300266],[80.2391973341628,6.02180129185022],[80.2391965391538,6.02189321217087],[80.2391955914312,6.02199657818013],[80.2392289341996,6.02211170612014],[80.2392511468416,6.02220378987273],[80.23928448961,6.02231884719357],[80.2393181369073,6.02241101309995],[80.2393402103104,6.02250302622657],[80.2393391098742,6.02261790838602],[80.239349736944,6.02272142702138],[80.2393603756919,6.02281335790659],[80.2393583284314,6.02303160581264],[80.2390522239051,6.02324899243577]]]}},{"type":"Feature","properties":{"wdpaid":902524,"name":"Bundala","designation":"UNESCO-MAB Biosphere Reserve","designation_type":"International","iucn_category":"Not Applicable","marine":true,"area_km2":13.130407,"status":"Designated","status_year":2005,"governance":"Federal or national ministry or agency","managing_authority":"Forest Department","iso3":"LKA"},"geometry":{"type":"Polygon","coordinates":[[[81.240619999732,6.19371000001469],[81.2400699999111,6.19400999966539],[81.2391400001485,6.19477999968533],[81.2379800002323,6.19533000003255],[81.2376300004279,6.19539999966215],[81.2370200003325,6.19567000018786],[81.2352300002294,6.19682000035065],[81.2347299997389,6.19701999985136],[81.2337199996105,6.19725000003186],[81.2331100004134,6.19722000016932],[81.2317000002519,6.19653999985067],[81.2312399999443,6.19617000033359],[81.2295099992173,6.19544000021183],[81.2268200003873,6.19412000011974],[81.226309999851,6.19368999967468],[81.2255199998306,6.19270999994794],[81.2250300002841,6.19243999969454],[81.2221299995951,6.19239000006246],[81.2203999997665,6.19196999975101],[81.2188399998171,6.19135999997965],[81.2176899999466,6.19101999972809],[81.215579999278,6.19108999992912],[81.2132300002065,6.19068999993132],[81.211779999862,6.19018000016461],[81.2112900003156,6.18983000024997],[81.2101999998212,6.18942000038676],[81.2089500003915,6.18912999972507],[81.2083700004334,6.18906999996862],[81.2064999999643,6.18903999964132],[81.2042000002233,6.18925999991817],[81.2034999997162,6.18943999999539],[81.2029900000783,6.18970999999623],[81.2025100005776,6.19009000025976],[81.2011999999752,6.19139999994232],[81.2000800002418,6.1917700001232],[81.1991699996725,6.19195999999469],[81.1976599999519,6.19240999955863],[81.1970399998107,6.19250999970736],[81.1966299997319,6.19213000029179],[81.1964599998526,6.19154999999861],[81.1951099999655,6.19038000039449],[81.1947199999782,6.18988000012439],[81.1938200003529,6.18906000015738],[81.1929600000123,6.18801000017126],[81.1913399997885,6.18702999973083],[81.1908600002878,6.186649999946],[81.1903499997516,6.18610000038461],[81.1898600002051,6.18578999994125],[81.1888800002139,6.1849699998799],[81.1883799997234,6.1846399998775],[81.1867000001234,6.1839199998069],[81.1853000000076,6.18286000039973],[81.1845600002159,6.18212999974957],[81.1838200004242,6.18156000004629],[81.1819600000009,6.18062000004013],[81.1810999996603,6.17976000005377],[81.180600000068,6.17938000040378],[81.1795499997567,6.17894999957767],[81.1786199999941,6.17825999984811],[81.1782500000983,6.17771999962648],[81.1780900002647,6.1771200004211],[81.1779599996701,6.17615000040138],[81.1774900002151,6.17466999995791],[81.1771899997411,6.17419000020513],[81.1763799996292,6.17322000017704],[81.1755899996088,6.17267000005333],[81.1742399997217,6.17191000012816],[81.1738899999173,6.17147000023727],[81.1731300000341,6.16985999965358],[81.1720899997685,6.16798000019914],[81.1714899997188,6.16614000041565],[81.1708600004303,6.1649100001989],[81.1702200001977,6.1631500002146],[81.1701099996946,6.16251000023427],[81.1697799999817,6.16187999980673],[81.1685499997452,6.1601799999542],[81.1681299996206,6.15975999999249],[81.1675599997082,6.15957999965203],[81.1671799997666,6.15923000005573],[81.166799999825,6.15872999984946],[81.1658600000168,6.1571799997013],[81.1654299998465,6.15679999994255],[81.1642900000217,6.15537000043528],[81.1606300003478,6.15218000003196],[81.158749999833,6.15071999988627],[81.1564500000919,6.14980999957186],[81.1541600003966,6.148230000244],[81.153079999948,6.1476599998375],[81.151360000165,6.1468900001205],[81.1492300003033,6.14578000038838],[81.1470900003958,6.144309999883],[81.1447999998022,6.14336000020365],[81.1435799996114,6.14312999985711],[81.1423500002732,6.14303000021912],[81.1404999998957,6.14304000000512],[81.1381599999716,6.14248999988438],[81.1370400002383,6.14208000004179],[81.1357999999561,6.14183000041852],[81.1346199999484,6.14180999990767],[81.1342800001897,6.14169000039954],[81.1331500004107,6.14114999959891],[81.1309700003202,6.13982000025378],[81.1292100003543,6.1385199998803],[81.1282499995563,6.13765999957987],[81.1279700000721,6.13715999963947],[81.1278799996604,6.13679999967766],[81.1278400003758,6.13604000024984],[81.1279499999806,6.13492000029291],[81.1284999998015,6.13391000020381],[81.1290799997597,6.13223000026573],[81.1292000003086,6.13162999970694],[81.1292300004458,6.13097000018833],[81.1291500000799,6.13024999970092],[81.1289400000176,6.12958000022286],[81.1281900001801,6.12794000032318],[81.1280100002551,6.12673999959986],[81.1281199998599,6.12300999970411],[81.1279800001178,6.12134999978091],[81.1281900001801,6.11892000014281],[81.1296999999008,6.11757999960415],[81.1310799999251,6.12036000033602],[81.1333799996661,6.12267999962982],[81.1344700001605,6.12335999988492],[81.1367699999016,6.12430000023047],[81.1394799997215,6.12553999975147],[81.1421899986431,6.12594999980951],[81.1436800000689,6.12648999992832],[81.145429999989,6.12635000034696],[81.1467999999676,6.12699000004746],[81.1471599998177,6.12830000001404],[81.1478699985738,6.12907999985082],[81.1513900003023,6.13002999997843],[81.1536900000433,6.13261999968639],[81.156809999942,6.13316000019968],[81.1572200000208,6.13356999976105],[81.1592500003235,6.13356999976105],[81.160869999649,6.13425000042976],[81.1665599996255,6.13466000004608],[81.1681799998493,6.13506000030457],[81.1700700004099,6.13615000022235],[81.1719700001179,6.13642999956276],[81.17210999986,6.1375200002512],[81.1726499996351,6.13806000026616],[81.1738699998259,6.13806000026616],[81.1742799999047,6.13832999962181],[81.1749500002745,6.14078999965409],[81.1767100002404,6.14270000003003],[81.1795599998024,6.14392000008818],[81.1804999996106,6.14500999973692],[81.1817199998014,6.14582999995136],[81.1820000010822,6.14636999957678],[81.1855200001156,6.14786999972926],[81.1886299999686,6.14855000000079],[81.1909299997097,6.14937000011756],[81.1918799995637,6.15005000025747],[81.1930999997544,6.15018000021147],[81.1945900002819,6.15086999984749],[81.1962099996074,6.15099999960098],[81.2006800002915,6.15222000027315],[81.2035199998077,6.15263000033896],[81.2050100003352,6.15330999988155],[81.2079899995935,6.15345000041492],[81.2100199998961,6.15412999980141],[81.2105599996713,6.15399000034035],[81.212329999683,6.15466999992896],[81.2216600001402,6.15493999978696],[81.222070000219,6.15521000040085],[81.2235599998482,6.15521000040085],[81.2247800000389,6.1557500003239],[81.2287100000495,6.15547000043231],[81.2289700003405,6.15601999963298],[81.2289800003863,6.16065999988626],[81.2312800001273,6.16228999956034],[81.2348000000591,6.16324000023365],[81.2353399998343,6.16392999987254],[81.2350800004416,6.16693000037192],[81.236560000025,6.16842999961611],[81.2385900003277,6.16979000021618],[81.2395500011257,6.17020000010657],[81.2413000001475,6.1703299995917],[81.2423899997436,6.1708700002032],[81.2425200003383,6.17128000015112],[81.2440099999674,6.17155999973723],[81.2449599998214,6.17224000002981],[81.2480799997201,6.17250999987765],[81.2492999999109,6.17420000029745],[81.2502099995819,6.17386999983056],[81.2521400003254,6.17358999967913],[81.2631000001539,6.17453999975152],[81.2635100002327,6.17507999964414],[81.2644600000867,6.17727000006294],[81.2658099999738,6.17671999967994],[81.2681699999893,6.17551000004138],[81.2743400003648,6.17602999972297],[81.2761000003307,6.17752999999634],[81.2773199996232,6.17820999976805],[81.2784999996309,6.17978000002778],[81.2791399998635,6.18005999958466],[81.2808599996465,6.18215999957596],[81.2845000001272,6.18311000034183],[81.293429999653,6.18433000036422],[81.2961400003712,6.18691999958619],[81.2956099997435,6.18871000039387],[81.2972500000588,6.19018000016461],[81.2994600002864,6.19045999957215],[81.3011299998407,6.19188000015114],[81.3007699999906,6.19408000036311],[81.2987799998709,6.19494999996748],[81.2966700001006,6.19437000009285],[81.2945000000559,6.19446999987036],[81.2934999999732,6.19268999957008],[81.2930100004268,6.1922700003903],[81.291790000236,6.19147999985859],[81.2902799996171,6.19010999984302],[81.2889399997757,6.18921999979345],[81.2867300004463,6.18754999969875],[81.2861400004424,6.18724999995144],[81.2842800000191,6.1865200000039],[81.2830399997369,6.18647999967178],[81.2807700001331,6.18612000011887],[81.2802100002664,6.18594999967421],[81.278470000392,6.18460000029623],[81.2777600007375,6.18433000036422],[81.2753799997322,6.18414000042863],[81.2747999997741,6.18421999965776],[81.2741899996787,6.18407000020014],[81.2728299997459,6.18341999967723],[81.2699700001382,6.18149000036941],[81.2694400004088,6.18129000034851],[81.2687700000389,6.18116999994245],[81.2665399997197,6.18000999967467],[81.265840000111,6.17973000009133],[81.2642500000244,6.17949000033053],[81.2632499990434,6.17991999982474],[81.2627000001208,6.18026000007056],[81.2622299997675,6.18067999986244],[81.2614099996099,6.18160999980981],[81.2602499996936,6.18356000029704],[81.2600699997685,6.18419999985158],[81.2579199998153,6.18624000029478],[81.256319999683,6.18713999985257],[81.2558400001823,6.18751000033765],[81.2554300001034,6.18795000028766],[81.2540500000791,6.18997000006504],[81.2502299996734,6.19277999992496],[81.2491600001688,6.19329999959125],[81.2487900002729,6.19339999957141],[81.2474899997163,6.19345000000093],[81.2464300002574,6.19392000041323],[81.2458299993095,6.19411000040415],[81.2451699998837,6.19406999975367],[81.2430199999305,6.19361999981832],[81.2423799996979,6.19370000029131],[81.2411799995986,6.19363000043627],[81.240619999732,6.19371000001469]]]}},{"type":"Feature","properties":{"wdpaid":555624679,"name":"Meinmahla Kyun Wildlife Sanctuary","designation":"Ramsar Site, Wetland of International Importance","designation_type":"International","iucn_category":"Not Reported","marine":true,"area_km2":0,"status":"Designated","status_year":2017,"governance":"Not Reported","managing_authority":"Forest Department","iso3":"MMR"},"geometry":{"type":"Polygon","coordinates":[[[95.315287035441,16.0878684632876],[95.309247488411,16.0867926131155],[95.304508076685,16.0855127967896],[95.3022237947665,16.0831571299842],[95.3002674024182,16.0806678809835],[95.2991642173504,16.0790263920015],[95.2983771584142,16.0775355576261],[95.2977632569355,16.0761564230696],[95.2972007516676,16.0739806441922],[95.2965440212111,16.0718277069451],[95.2959758062512,16.0696633502348],[95.2950906458961,16.0672591420943],[95.2941769325897,16.0652860930238],[95.2923352299504,16.0626877220246],[95.2907505092627,16.060374886265],[95.2892371723008,16.0581477104011],[95.2880075457635,16.0563585136425],[95.2858184421459,16.0528369115965],[95.284533533286,16.0513140573626],[95.282430090319,16.0492665310937],[95.2800601459533,16.0473641513143],[95.2777282748843,16.0448419227894],[95.2756533848686,16.0433714157854],[95.2739401727559,16.0418961495871],[95.2717034790896,16.039207359005],[95.268967099343,16.0364233900642],[95.2670635297301,16.034210490681],[95.2654930859673,16.0313932092286],[95.2637798738546,16.0275860716629],[95.263327776925,16.0226367929757],[95.2646868390166,16.0121784707198],[95.2653503176175,16.0032084937877],[95.2655406751178,15.9979855773283],[95.2656744180939,15.9935370704258],[95.2654811886796,15.9904307878594],[95.2640919737371,15.9880864281674],[95.2607662865878,15.9845124736065],[95.258196468868,15.9808576206306],[95.2564832567554,15.9749755941726],[95.2538563322347,15.9654958209754],[95.2516291571171,15.9606417211331],[95.2506583361114,15.9591569366865],[95.2486024822949,15.9569868693752],[95.2471074341338,15.9532601371519],[95.2450562856928,15.9509073500729],[95.2420351696456,15.9486606593907],[95.2361333073992,15.9413895058909],[95.232861547913,15.933656256627],[95.2295897893252,15.9202717887091],[95.2272103282073,15.9051027254137],[95.2224522063706,15.8879653666351],[95.222166669671,15.8832540351915],[95.2198110040267,15.876829489755],[95.2154565895702,15.8664360036362],[95.2116732467162,15.8569419551049],[95.2128867718504,15.8553715107502],[95.2136719946301,15.8542293689497],[95.2140289141572,15.8506601777906],[95.2143144490601,15.8399668799011],[95.2142668599096,15.8387033859243],[95.2148617251891,15.837799190664],[95.2157421262698,15.8325429623268],[95.216408375275,15.8285859176359],[95.2164559644255,15.8273723930338],[95.2173125700326,15.826135073159],[95.2175505157851,15.824288610762],[95.2173839537584,15.8235509780055],[95.2178598461616,15.822741961852],[95.2190019866717,15.8194821002965],[95.2204058693062,15.8150182313591],[95.2220476967948,15.8092218636203],[95.222975687026,15.8062713326255],[95.2235467577302,15.8055955658037],[95.2233564011282,15.8039299428767],[95.2245461307888,15.802526061004],[95.2250934069178,15.8005035187182],[95.2246888991386,15.7987665131373],[95.2211672966123,15.7958302582034],[95.2169318559304,15.7932604397582],[95.2131104415764,15.7908952561149],[95.2112544620123,15.7895627567075],[95.2098791341258,15.7884444106705],[95.2077852079109,15.7873546183361],[95.2064289153252,15.7858079681232],[95.2051678010406,15.784456433977],[95.2032309201003,15.783123936319],[95.2014606011867,15.7818913753185],[95.2002708697295,15.7806778499606],[95.197796231209,15.7793215573183],[95.1967029707284,15.7791240472294],[95.1963209648488,15.777893880697],[95.1943936015589,15.7773703988254],[95.190158160877,15.7762044626525],[95.1897298576242,15.7751575009386],[95.1873503974047,15.7744436621938],[95.1857799527436,15.7739677700306],[95.1847805787866,15.7728256292972],[95.1819728153144,15.7710648280352],[95.1789746943418,15.7698750973291],[95.1764524657725,15.7707792917459],[95.1756434493158,15.772587683186],[95.1723831613158,15.7728304427832],[95.1693021851314,15.773515671787],[95.1673659096556,15.7744131657844],[95.1659953401451,15.776526128103],[95.1648531987367,15.7769258766329],[95.1640536999305,15.7764690208589],[95.1622833810169,15.7764690208589],[95.1606272757052,15.7767545560544],[95.1598848845982,15.7769080313044],[95.1599443710363,15.7761941926698],[95.1601755147454,15.7753378298871],[95.1601525735697,15.7744393397731],[95.1600930871316,15.7734578133193],[95.1601525735697,15.7722085961504],[95.1602120600078,15.7711080953181],[95.1603607770014,15.770007593703],[95.1600930871316,15.7695495483489],[95.1604011598667,15.7684818611166],[95.1607176956301,15.768151614742],[95.1618152662274,15.7643138958803],[95.1614315337858,15.763184489828],[95.1613423041286,15.7617151732753],[95.1611638448143,15.7604362118097],[95.1612828176905,15.759311917008],[95.1608069261856,15.7577950106647],[95.1603607770014,15.7562186180638],[95.1596766820648,15.754523252025],[95.1589033565727,15.7530063453584],[95.1587546413757,15.7514299527647],[95.1583977209504,15.7503889378394],[95.1577136260138,15.7495858701819],[95.1574161938232,15.7484853703467],[95.1568510717628,15.7470279498326],[95.1564346657976,15.7458977058135],[95.1560480039499,15.7443807987243],[95.1554233945531,15.743607474304],[95.154858273391,15.7425664599389],[95.1518138631302,15.7409626140002],[95.1486729747061,15.7392494017179],[95.1462459244378,15.7382500276319],[95.1435333392666,15.7381072602455],[95.1400398135845,15.7359907767575],[95.1325445116023,15.7346820744267],[95.1249302367439,15.7255211488817],[95.1231456409055,15.708864921714],[95.1282614817698,15.701488593396],[95.1345670540914,15.6957778859979],[95.13924943717,15.6939079691976],[95.141200167437,15.688979808846],[95.1454831972694,15.6819841930318],[95.171466911167,15.6804137492033],[95.1843159997661,15.6785577694148],[95.1956824701926,15.676496008736],[95.2072823417946,15.6753062786119],[95.2194770795744,15.6732242504304],[95.2250688128419,15.6735216829684],[95.2300548237915,15.6723306779229],[95.2351563877311,15.6719499640174],[95.2450549463047,15.6746149602886],[95.2555245746842,15.6721403206264],[95.261044924226,15.6666199709405],[95.2758927607389,15.6618610486104],[95.2856009618123,15.6605285507719],[95.2958802326915,15.6595767672137],[95.3093955720923,15.6605285507719],[95.3211976975839,15.6639549750129],[95.3316673268617,15.667952468842],[95.3390912451182,15.6708078232323],[95.3457537360684,15.6736631757595],[95.3545101523353,15.6768992430464],[95.3621852539182,15.6836938792483],[95.368728771094,15.6857759070187],[95.3734876933297,15.6905348289003],[95.3824106716232,15.6976732119468],[95.3836004030805,15.7012424035793],[95.3824106716232,15.7054064600393],[95.3782963525877,15.7111486271636],[95.3720005296818,15.7110576801641],[95.3681788835625,15.7123383583262],[95.3644193361821,15.7113865725684],[95.3602790738011,15.7121480011846],[95.3565575970224,15.7110058597872],[95.3469921642989,15.7094354146373],[95.3381881579832,15.7090547016684],[95.3320967377372,15.7080553280368],[95.3275186553514,15.7067228300185],[95.3235211604219,15.7060089921937],[95.3209037526533,15.7062945269319],[95.3178476283611,15.7070452626655],[95.314050905101,15.7095781831143],[95.3117666231825,15.7100064862157],[95.3104817143226,15.7107203238695],[95.3079297416359,15.7113151898409],[95.3045390101718,15.711791081713],[95.2997919852238,15.7124454340321],[95.2968474020455,15.7131890146828],[95.2940731816659,15.7140320067446],[95.2914341289906,15.715657705837],[95.2887988761889,15.7180907049857],[95.2842622267988,15.7193832011237],[95.2831476555848,15.7206188817314],[95.2808574241242,15.7238014112106],[95.2790430850667,15.7272694757981],[95.2784482197873,15.7284294628726],[95.278299503692,15.7303925182193],[95.2787456528761,15.7314870702511],[95.2794309129277,15.7320987217911],[95.2812738300893,15.7328850037001],[95.2813035733083,15.7335988423985],[95.2806373243031,15.7351990292907],[95.2806373243031,15.7361746077232],[95.2808990646308,15.7365791168852],[95.2816842874106,15.7370312143572],[95.2816366982601,15.7376974642526],[95.2810180384054,15.7376260803779],[95.2808514763787,15.7382542565775],[95.2811370112816,15.7388729172511],[95.2811132167064,15.7399674685998],[95.2811132167064,15.741466529921],[95.2801138427494,15.7429893848535],[95.2797807177977,15.7468488710223],[95.2801138427494,15.7472533788285],[95.2845158463564,15.75079877568],[95.2861338792697,15.7513936411752],[95.2869666912,15.7522740417125],[95.2869904848769,15.7536779239815],[95.2875377610059,15.7539158697825],[95.2875139673289,15.7568664011828],[95.2858007552163,15.7582607658299],[95.2843016942809,15.7601881290797],[95.2837782127272,15.7618632686447],[95.2832547311734,15.7633861254177],[95.2819460277383,15.7645996496184],[95.2806611188784,15.766693574602],[95.2801376373247,15.7697916338106],[95.2802566110992,15.7723376572337],[95.2801852273735,15.7739081005928],[95.279328620868,15.7750835549407],[95.2770138258742,15.7799455605823],[95.2766636239489,15.7818459829183],[95.2753549214121,15.7846775424203],[95.2752597422128,15.7860481108086],[95.2749028226857,15.7891176163931],[95.2734037626487,15.7922109149993],[95.2706554847162,15.7971720906632],[95.2689779653647,15.8011695861541],[95.2681213588592,15.804596010276],[95.2684782792846,15.8063092221963],[95.2686567377006,15.8107707110567],[95.2696346967195,15.8154249368073],[95.2697417723081,15.8207073401347],[95.2699811400937,15.8233087528266],[95.2696703885824,15.826917733086],[95.2701343827996,15.8301157286567],[95.2720631681226,15.8360983558699],[95.2743817207692,15.8418084001322],[95.277058614976,15.847447723269],[95.2785505369998,15.8493179787235],[95.2815486579723,15.8521019494154],[95.2848680057107,15.8537080851006],[95.2888298087773,15.8543862307621],[95.2927083299323,15.8542791548281],[95.297496995387,15.8542196689417],[95.2995195369779,15.8538330067957],[95.2999954293811,15.8570155358989],[95.2993113344444,15.8582350090007],[95.2985677530697,15.8598708889553],[95.2985820290962,15.86149130186],[95.2992673143006,15.8622336937874],[95.30061669974,15.8652467526366],[95.30061669974,15.8691133776705],[95.3004558545918,15.8721857892343],[95.2983457200742,15.8728715205767],[95.2961133392195,15.8734944928686],[95.2959348790068,15.8748031957793],[95.2961552105932,15.8762517607374],[95.2977194748452,15.8796810913135],[95.3000394486266,15.8861651233456],[95.3012291800839,15.8893179086851],[95.3032576703185,15.892714589035],[95.3058750771888,15.8978304301039],[95.3080165916559,15.9013103923937],[95.3115262968945,15.9049866587848],[95.3160770165968,15.9090614862362],[95.3206277362991,15.9124522178633],[95.3238164447406,15.9152154353736],[95.33354225998,15.9217321159161],[95.3359812084343,15.9248551587683],[95.3400917266979,15.9300126402028],[95.3452315939028,15.9387126120252],[95.3468493959491,15.9406607280515],[95.3488719384383,15.9464011782108],[95.3526674103452,15.9547739739011],[95.3534821436803,15.9581557152252],[95.3531847105915,15.9616356769721],[95.3532917870784,15.9659306041618],[95.3546699078271,15.9696292826033],[95.3585028062437,15.9843190792878],[95.3599304825551,15.9945555203968],[95.3605015541576,16.0017652871148],[95.3605015541576,16.0073046722468],[95.3602874020821,16.0128012272005],[95.3597877151036,16.01765532768],[95.3597163313779,16.0356154989917],[95.3589311085981,16.042968033819],[95.3575034331851,16.0494925160244],[95.3562185243252,16.0542752320728],[95.3558616047982,16.0595576362037],[95.3557188373467,16.062270221083],[95.3551477657442,16.0651969589787],[95.3537914731585,16.0676668393021],[95.3495084442244,16.0726637071307],[95.3443688078865,16.0813582576975],[95.3389436366456,16.0896387822051],[95.3345892230874,16.0949925690621],[95.3258984727696,16.0918904139549],[95.315287035441,16.0878684632876]]]}},{"type":"Feature","properties":{"wdpaid":555624853,"name":"Gulf of Mottama","designation":"Ramsar Site, Wetland of International Importance","designation_type":"International","iucn_category":"Not Reported","marine":true,"area_km2":383.802808,"status":"Designated","status_year":2017,"governance":"Not Reported","managing_authority":"Nature and Wildlife Conservation Division, Forest Department, Ministry of Natural Resources and\n Environmental Conservation","iso3":"MMR"},"geometry":{"type":"Polygon","coordinates":[[[96.8919053046166,17.3543907392995],[96.8828558327512,17.3439732339091],[96.8803648152481,17.3399249926021],[96.8901054059773,17.3334109869781],[96.8993833086397,17.3272937751796],[96.9074228342755,17.3248479823608],[96.9119198643682,17.3233013778782],[96.913564234089,17.1974775336306],[96.9670331042535,17.1302396278523],[96.9675723638169,17.0959579171949],[97.0709493413614,16.9270744186829],[97.105733142225,16.9274751687211],[97.1052374832923,16.9729776383576],[97.1040577348128,16.9786185661519],[97.1009904345802,16.9937625127078],[97.0995303299854,16.9926012447032],[97.0981501763492,16.9863410208656],[97.0932430258035,16.9868051526771],[97.0900878739293,16.9843531101492],[97.0894551410674,16.98141469381],[97.0942335279987,16.9805669375921],[97.0969230246705,16.9766395751383],[97.0972355261,16.9719249947786],[97.0915622428726,16.9695769782485],[97.0878736183822,16.9675024317658],[97.0847623150737,16.9689288531779],[97.0838454073581,16.9776858009466],[97.0821003355956,16.9864349378935],[97.0782930041303,16.994367722121],[97.0736572229538,17.0022925603433],[97.066967050418,17.008604025669],[97.0693603123536,17.014284458131],[97.0717837145636,17.0180841047245],[97.0747397458718,17.0227821832053],[97.075182872225,17.0280456688029],[97.0749324300086,17.0363306611392],[97.0784985602269,17.0440142941046],[97.0818458123329,17.0523906840807],[97.0826391567812,17.0569422100977],[97.0808010491996,17.062175715738],[97.0816838802232,17.0682427653789],[97.0820623512322,17.0754901358557],[97.0817724855512,17.0779098532772],[97.0817372805752,17.0813519603893],[97.0823557149528,17.0856927350353],[97.0824504530793,17.0893910673294],[97.0838681868371,17.0933569077199],[97.0837030315721,17.0965427890484],[97.0826125181397,17.0994649158703],[97.0820639825728,17.1012446892965],[97.0842863148726,17.1043256662252],[97.0859640983288,17.1088039531441],[97.0876601867555,17.1114974351403],[97.0900492005581,17.1152461171287],[97.0889806320697,17.117053638301],[97.0873746419711,17.1200678120938],[97.0870338211523,17.1225890440789],[97.087532001656,17.1252191847927],[97.0880291616736,17.1279502938694],[97.0893777583922,17.1295786901349],[97.0896721506838,17.1316010342257],[97.0894332374458,17.1344261660037],[97.0886744080675,17.1367414900072],[97.0887546384021,17.1391657216115],[97.0882058063911,17.1414830261433],[97.0892425376874,17.1428055450526],[97.0890066823147,17.1453277673757],[97.0874148766143,17.146928353277],[97.0858209733478,17.1487308607532],[97.0822098752631,17.1526347449058],[97.079541462051,17.1557082636293],[97.0795250668987,17.1573018177935],[97.0772171745595,17.1600688473723],[97.075319509573,17.1632381790415],[97.0715693361126,17.1650550720706],[97.0679571618461,17.1680804358968],[97.0652705290034,17.1713695907867],[97.0640564828464,17.173334131308],[97.0655809068155,17.1734124977238],[97.0674945941535,17.1743233053314],[97.0674787379904,17.1758531038965],[97.0640650455877,17.1758641633446],[97.0596308427676,17.1785376046648],[97.0571110100052,17.181700729819],[97.0533467033504,17.1849514106008],[97.0506225730311,17.1878136471167],[97.046972089211,17.1900692367966],[97.0451402321072,17.1916463773062],[97.0451709221506,17.1938367663564],[97.044436193673,17.1947260829299],[97.0419410106819,17.1954986963901],[97.0369327403779,17.1987369261463],[97.0305761868673,17.202061445334],[97.0270499382544,17.2023257582579],[97.0207068828292,17.2043552211634],[97.0156294709944,17.2043052742263],[97.0095986735553,17.2065721239065],[97.007907623779,17.2082327193653],[97.0070742126725,17.210053185309],[97.0054871842129,17.2111530249679],[97.0042975362989,17.2138504325851],[97.0056580446782,17.2154509150092],[97.0074347030027,17.2167752933264],[97.0091129302266,17.2180030663436],[97.0100968423809,17.2190327283585],[97.010747787687,17.2201865861995],[97.0116267829042,17.2217251731013],[97.0126446010706,17.2233091114075],[97.0134663843841,17.2246176397282],[97.0138090054267,17.2260744298781],[97.0143116289979,17.2274563030998],[97.0146156898569,17.2287979683388],[97.0150026140127,17.2298344702734],[97.0150297449309,17.2310204124072],[97.0158544315994,17.2320612313026],[97.0169613788116,17.2327606027287],[97.0185118072117,17.2329288706214],[97.0201406109253,17.2332126406104],[97.0210506348508,17.2337188162269],[97.0212996523391,17.2352511722157],[97.021546634245,17.236974745849],[97.0203146631048,17.2405324041459],[96.9858931303373,17.2398718657929],[96.9797929919414,17.2396194429277],[96.9784587961151,17.2403072273751],[96.9786369652737,17.2422213601602],[96.9786852506185,17.2438792082137],[96.9786561020841,17.2465561922006],[96.9793739440311,17.2476470680965],[96.9807213927027,17.2495570136581],[96.9808555569887,17.2509448100012],[96.980891261428,17.2522359991209],[96.9807232827581,17.2539554198257],[96.9806055729132,17.255627534577],[96.9808884649725,17.2570646337302],[96.9816253673731,17.2579325921824],[96.9826157105665,17.2583728156],[96.9840584992359,17.2583872981621],[96.9852955332811,17.2590212192572],[96.9861340432252,17.2596989467147],[96.9874809717723,17.2593777836349],[96.988725110593,17.2593583701399],[96.9889484704002,17.2617032336125],[96.9894822709016,17.2629516033948],[96.9897175603358,17.2641969845782],[96.9892106967165,17.2650524673627],[96.9897424337877,17.2664920519785],[96.9899212335635,17.2683583810844],[96.9902550008107,17.269700364897],[96.9911910120991,17.2705702883043],[96.9911511260021,17.271572213253],[96.9897942557998,17.2728016574022],[96.9880924100704,17.2736668302615],[96.9864388353129,17.2747759926448],[96.9844879604171,17.2757125860843],[96.9827837637966,17.2768428710956],[96.9810313572898,17.2778292292642],[96.9797764988728,17.2788205786901],[96.9794162097652,17.2799165449931],[96.9794550151888,17.2809209117797],[96.9794461497153,17.2817335661024],[96.979190060689,17.2824003036435],[96.978689355021,17.2826821113185],[96.9776941995527,17.2826720849976],[96.9767980411235,17.2827108581818],[96.9760448846062,17.2833247708474],[96.9757866917255,17.2841827149149],[96.9752221041627,17.2857546927825],[96.9747117577751,17.2871060999029],[96.9737635231106,17.2884909314164],[96.9739490548612,17.2904848148931],[96.9760163181801,17.2926533152817],[96.9768293267499,17.2941555264173],[96.9787707432841,17.2967647199064],[96.9800040924399,17.2991178761478],[96.9807274626191,17.3012382915727],[96.9820030433731,17.3029244287751],[96.983978464734,17.3043307490311],[96.9865604537276,17.3048825949651],[96.9888506339843,17.3048099705718],[96.9904949237551,17.304635228675],[96.9918468559183,17.3038838410868],[96.9932573564415,17.3023202808252],[96.994123550666,17.3004644121867],[96.9945869618766,17.2990347892047],[96.9952463064306,17.2978939742511],[96.9965940290884,17.2975249741902],[96.9981283848313,17.2983052402502],[96.9988126513462,17.2994594796146],[96.9994435426618,17.3009478489662],[96.9997815490588,17.3019073993805],[97.0012713564485,17.3022091110601],[97.0030151481117,17.3020352543773],[97.0046573484012,17.3020516066504],[97.0049922906447,17.3032979721841],[97.0052733456494,17.3049262726772],[97.0057638428625,17.3057811717282],[96.9874028399021,17.3160756618266],[96.970821828016,17.3246333529044],[96.9529691637086,17.334844997135],[96.9517275419673,17.3345932558377],[96.9505213677471,17.3356326722787],[96.950651576751,17.3373550740554],[96.9475109865676,17.3422470433117],[96.9448977829145,17.3444671579454],[96.9421849111807,17.3466294350096],[96.9406266377933,17.3464965348917],[96.9392493497828,17.345016262889],[96.9381375390916,17.3435387211403],[96.9364263392052,17.3422462209894],[96.934362659266,17.3427986081403],[96.931104428408,17.3433386211375],[96.9265174832435,17.3439922963447],[96.9237879792022,17.3447288923427],[96.9211976466563,17.3448932156093],[96.9189448830278,17.3445510800966],[96.917608275225,17.3445880249696],[96.9147582388321,17.3450174161809],[96.912564646333,17.3453132460219],[96.9100385100922,17.345669318175],[96.9081038569739,17.3465414786076],[96.9064425989257,17.3467153223231],[96.9046558534188,17.346250419084],[96.9039142689989,17.3472625152709],[96.9039019566897,17.3483459937863],[96.9042185679116,17.3496878869129],[96.905667009679,17.3507229297893],[96.9069820129993,17.3518203065923],[96.9062980977257,17.3535979152512],[96.9043698621717,17.3538964209927],[96.901613981797,17.3540162460347],[96.8919053046166,17.3543907392995]]]}},{"type":"Feature","properties":{"wdpaid":6722,"name":"Keti Bunder South","designation":"Wildlife Sanctuary","designation_type":"National","iucn_category":"Not Reported","marine":true,"area_km2":53.559134,"status":"Designated","status_year":1977,"governance":"Not Reported","managing_authority":"Not Reported","iso3":"PAK"},"geometry":{"type":"Polygon","coordinates":[[[67.9172995422724,24.053589549103],[67.905989555216,24.0573495117191],[67.9030896263922,24.0619096606648],[67.8934106403286,24.0765395599058],[67.8876394739729,24.0888495173845],[67.8862504997789,24.094759562723],[67.8804995760598,24.1088897423672],[67.8771096072654,24.1139196888767],[67.8678395163528,24.1226397179605],[67.8644296570613,24.1267496078633],[67.8532196498011,24.1391297958627],[67.8413696342234,24.1406198049746],[67.8314294333465,24.1366396423055],[67.82284951627,24.1235698071477],[67.8167595773459,24.1109407269068],[67.8132194641349,24.1046196741917],[67.8070804152124,24.0888097359108],[67.8040394940082,24.0829495026729],[67.796339501007,24.0607995033984],[67.7948003823965,24.0558295789106],[67.7876497469208,24.0377595450519],[67.7856096756055,24.0323405947878],[67.7749595873635,24.0111407498027],[67.7584797176936,23.9958796432843],[67.7513695683894,23.9800795621203],[67.7493205193112,23.9742096490943],[67.7456005130746,23.9524695977437],[67.7455406673104,23.9474796082166],[67.7427095620138,23.9180295318124],[67.7357006222995,23.8399696050175],[67.7414695006462,23.8374196036375],[67.7489195464026,23.8346596113227],[67.7568596312315,23.8321595991517],[67.7637696457718,23.8309695281529],[67.7684596986662,23.8304106652155],[67.7738995959895,23.8287296738637],[67.7791205235724,23.8268096476502],[67.7831297298383,23.8242196903533],[67.7928694429134,23.818339566971],[67.7983295837717,23.8164496406152],[67.8039995378427,23.8158995793084],[67.8079295360566,23.8159897010584],[67.8145994596676,23.8147996296827],[67.8197795516343,23.814249567137],[67.8244196141815,23.8148096633876],[67.8290496443436,23.816749755105],[67.8326304179993,23.820199745617],[67.8352494193792,23.8232005350828],[67.8363694343839,23.8270896956827],[67.8351395823694,23.8362995891156],[67.8349695465575,23.8426195858905],[67.8353694639456,23.8460296202315],[67.8357005578065,23.8516897183371],[67.8363606326907,23.854639812598],[67.8372696001975,23.8571398250576],[67.8374296018277,23.8605297932728],[67.838079468257,23.8632596870789],[67.8710895482872,23.8606697291911],[67.874369504002,23.8575796992086],[67.8790695901798,23.8563396376218],[67.8880196769337,23.8531596607253],[67.8954695457221,23.850179818624],[67.9024395847914,23.846729651856],[67.9089197599598,23.8437105573517],[67.914439745684,23.839570568168],[67.9184596904107,23.8360295741313],[67.9214696323141,23.8338495667658],[67.9242197670643,23.8323296339937],[67.9279297400174,23.8314996998765],[67.927119695888,23.8342097036018],[67.9228195279966,23.8383996831817],[67.9202697031818,23.8417197723572],[67.9186795387035,23.8461896228635],[67.9183695678282,23.8486797771199],[67.9185496360252,23.8511695787213],[67.9205897082388,23.8527896673566],[67.9232396880213,23.8501696101883],[67.9250497007923,23.8470397989889],[67.9280497863804,23.8450796406939],[67.9295595094199,23.8437496339821],[67.9332795147582,23.8424796501994],[67.9360493648338,23.8398296689313],[67.9383895507092,23.8356095899682],[67.9410094333364,23.8293295503482],[67.9438294480325,23.8248906793952],[67.9464093717992,23.8204405418359],[67.9484494440128,23.8175395567371],[67.9507394625728,23.8146507167224],[67.9539194411864,23.8151796566372],[67.9565694209689,23.8170405396642],[67.9615194543913,23.8160196243814],[67.9667405589424,23.8138795728802],[67.9712095292589,23.8117396989593],[67.9747105675516,23.8097897497675],[67.9769696068107,23.8075805228142],[67.9782594806592,23.8053396131083],[67.9798394357842,23.8015495506486],[67.982389613637,23.7979995800818],[67.985930607197,23.7940095599072],[67.9896794807952,23.7918195190459],[67.9934105758356,23.7903296859127],[67.9961295561134,23.7894995761731],[67.9992095540325,23.7894596192975],[68.0012695149465,23.7900895950179],[68.0076696008157,23.789760614033],[68.0120894629306,23.78964972136],[68.0164904900689,23.7908795719342],[68.0206806448807,23.7905196116205],[68.0258404951092,23.7899596917402],[68.0297805248099,23.7900506937526],[68.034679513263,23.7903794997428],[68.03858962098,23.7911596202009],[68.0407796606421,23.7918996080582],[68.0424296717829,23.7944096533265],[68.0432897062595,23.799389610061],[68.0422496035859,23.8016396733174],[68.0397297016532,23.8038297130296],[68.0399196279621,23.8063105392002],[68.0410595325655,23.8092796439099],[68.0418905227123,23.8153996823311],[68.0410896324157,23.817670692269],[68.0395496343544,23.8200995910296],[68.0394505340089,23.8239406986757],[68.0398596052298,23.8268795278238],[68.041029608785,23.8293895732609],[68.0409495203842,23.8316097129042],[68.0723294788722,23.8351996398601],[68.0743105847722,23.8346707002017],[68.0799594176543,23.8352596633432],[68.0858194741039,23.8365196143303],[68.095049608851,23.8407997149985],[68.0989194082629,23.8433597495974],[68.1025494679867,23.8452607646442],[68.1054694633773,23.8464705500932],[68.102609490719,23.8524895532714],[68.1022695960633,23.8558696652145],[68.1021194507484,23.8617397541077],[68.1025494679867,23.8644596147307],[68.1007794113812,23.8662196387904],[68.0997294523923,23.8686897269011],[68.1013894959182,23.8709896040899],[68.1061904413429,23.8755997429858],[68.1097506211207,23.8804397643302],[68.1107896673755,23.8779797090785],[68.1094494501419,23.8729696522286],[68.1078594617334,23.8682097196197],[68.1072004441662,23.8650207666559],[68.1073093999287,23.8609496013956],[68.1076396134406,23.8577896899651],[68.1096596190874,23.8555897927157],[68.113139532598,23.8543096001736],[68.1163494331954,23.8532696742712],[68.1179304447392,23.8492307198708],[68.1207295143162,23.8454197107814],[68.1256695153536,23.8444295986604],[68.1343295208309,23.8423696373546],[68.1370294909606,23.8421996017084],[68.1397394952721,23.8422596252381],[68.1414294616801,23.8434197717682],[68.1398595398384,23.847220571832],[68.1383095075955,23.8503605920172],[68.1359906207756,23.853909682368],[68.1349396062662,23.8568296782711],[68.134359443713,23.8601995802513],[68.133290474576,23.8635596250558],[68.1329296339028,23.8678596173136],[68.1335696431186,23.8728207387123],[68.1355495147334,23.8764896997237],[68.1384295539585,23.8820996320322],[68.1399195625708,23.8857296923514],[68.1415106082964,23.8881997802466],[68.1437096248231,23.8925805651815],[68.1440296289818,23.8949594748285],[68.1445495909362,23.898029439278],[68.1442494790712,23.901779543808],[68.1428395579614,23.9065896416631],[68.1420795041793,23.9095895502823],[68.148119628826,23.9080495517145],[68.1493795797924,23.90649951969],[68.1504297148511,23.9026695011376],[68.150499594797,23.8990396180911],[68.1500695775587,23.8952006216403],[68.1481796515583,23.8911294561119],[68.1450595223022,23.8867796510168],[68.1421895172588,23.8822305913668],[68.1405896707385,23.8754196742927],[68.1421194612431,23.8727197039167],[68.1446295050639,23.8700607462267],[68.1469996138213,23.8661098021854],[68.1536095155983,23.8783497027725],[68.1614594778445,23.9058996441675],[68.1611994973165,23.9204195309368],[68.1576806822625,23.9467695441323],[68.1481704986239,23.9691107018101],[68.1341895848692,23.9901596982742],[68.1204496441894,23.9957798389379],[68.1150495269618,23.9976697661725],[68.1007195638203,23.9969496676943],[68.0804204141934,23.9940296729628],[68.0646896846732,23.9987596808039],[68.0587997053414,24.0011097236044],[68.0499997630041,24.0071107734005],[68.0446506916442,24.0121597290374],[68.0324595489222,24.0227497953748],[68.0271296646785,24.0296096448934],[68.0242395930683,24.0346406479777],[68.0075896875864,24.0443696231045],[67.9936795341266,24.0390895521789],[67.989180640928,24.0359704781872],[67.958689580685,24.0449504887387],[67.9424703967206,24.0510295148679],[67.9365594713713,24.0529204969888],[67.925189636754,24.0525895802456],[67.9172995422724,24.053589549103]]]}},{"type":"Feature","properties":{"wdpaid":6717,"name":"Marho Kotri","designation":"Wildlife Sanctuary","designation_type":"National","iucn_category":"Not Reported","marine":true,"area_km2":20.522737,"status":"Designated","status_year":1977,"governance":"Not Reported","managing_authority":"Not Reported","iso3":"PAK"},"geometry":{"type":"MultiPolygon","coordinates":[[[[67.4725696064166,24.6631896426514],[67.4672105017733,24.6745897516853],[67.4537706729586,24.6724097449697],[67.4338496143533,24.6684795708554],[67.4174295913459,24.6672296532099],[67.3980295511139,24.6637397051497],[67.3925505770757,24.6628796723192],[67.3672007108493,24.6616896011104],[67.3617196239736,24.6617297325936],[67.3418094772041,24.6577706920224],[67.3213696873363,24.6497396049373],[67.3059195340186,24.6439395710612],[67.3004395053583,24.6416995414043],[67.2874694729794,24.6358806728471],[67.2819896203888,24.6336395873938],[67.2620194499887,24.621509523227],[67.2420005244248,24.6054295713555],[67.2438705599281,24.6022995838962],[67.2477195875957,24.5985896109103],[67.2527305249978,24.5967304877288],[67.2569595795564,24.5961797218081],[67.2613794416712,24.5967695651655],[67.267489623232,24.5983195970311],[67.2713594217455,24.6007095956396],[67.2732695912809,24.6025796321168],[67.2753895749272,24.6051294571356],[67.277269643714,24.6076696009367],[67.2801994972165,24.6147496522733],[67.2805594566424,24.6185995608757],[67.2894794453427,24.617759593792],[67.2892504432172,24.604669517349],[67.2897596694057,24.5974706519378],[67.289889572084,24.5940995178648],[67.2905494708985,24.5898294491596],[67.2907195049137,24.5877995873641],[67.2882194943764,24.5798295790235],[67.2857194829407,24.5806396233623],[67.2817694199565,24.5805195771864],[67.2731495458162,24.5797994798866],[67.2689595661758,24.5796595443335],[67.2654594091303,24.58068045972],[67.2619696366095,24.5814595240998],[67.258039463224,24.5808895713327],[67.2538994730326,24.5793895288402],[67.2496994610072,24.579259626192],[67.2454894148,24.5795695980516],[67.2415194622171,24.5801196601568],[67.2378705657201,24.5786495412131],[67.2355096107955,24.5758698339266],[67.2325896163032,24.574639630195],[67.2295805547488,24.5756698750933],[67.2268107037748,24.577160587859],[67.2233695139412,24.5768196377025],[67.221209573231,24.5749397439838],[67.2208605256408,24.5713306311534],[67.2222097188408,24.5682097968931],[67.2228495510884,24.5646297269929],[67.221209573231,24.5623198167983],[67.2180695525796,24.5606397058597],[67.2159296784362,24.5582996970998],[67.2153195930009,24.5551396097755],[67.2159296784362,24.5519907889816],[67.2185096031012,24.5493707317212],[67.2232596778297,24.547730754263],[67.2282507238365,24.5465396273314],[67.2327705648492,24.5444206976702],[67.2355497439291,24.5429298088522],[67.2371397323376,24.5400596282581],[67.2370506661738,24.5362197519255],[67.2371997550699,24.5323897339368],[67.2375296164422,24.5301497043864],[67.2398495596809,24.5277496710463],[67.2417894751303,24.528479625794],[67.2423995596673,24.531889661276],[67.2422393828656,24.5359296713625],[67.2434194197042,24.5375497590862],[67.2463695149451,24.5378796197775],[67.2490893755718,24.5375096269869],[67.2521104062791,24.5362605888604],[67.2549395748079,24.5334196272554],[67.2574795433075,24.5314696773842],[67.2607394315572,24.5302296169637],[67.2639695756895,24.5296596642209],[67.2667204156171,24.5288297297693],[67.268509483269,24.5270895972605],[67.2706094012468,24.5237795414017],[67.2727695180268,24.5254196953586],[67.2741896466932,24.5270396073419],[67.2775995059846,24.5305395882693],[67.2822205583838,24.5239296858019],[67.279969614742,24.5182195976195],[67.2757995255987,24.517409730389],[67.2728295407592,24.5175295999542],[67.2708394588928,24.5181497181032],[67.2685795392848,24.5189796528482],[67.2662395285809,24.5155196278339],[67.2665894574184,24.5067297187908],[67.2663294750937,24.5006295706644],[67.2691104148716,24.4986996883953],[67.2713294979651,24.4987697438503],[67.2733796025638,24.497029611066],[67.2705405777197,24.493779578372],[67.266389497826,24.4925196269507],[67.2612593962065,24.4912195438135],[67.256639576296,24.4892695937899],[67.2537495037875,24.4875996928907],[67.2536093908577,24.4846596309909],[67.2555294176066,24.4797595882586],[67.2566695000764,24.4757396436337],[67.2587095713917,24.4740095430911],[67.2626496010925,24.4743504937003],[67.2658595016899,24.4742396010905],[67.2683894378043,24.4725195340893],[67.2709894281379,24.4692196876584],[67.2727695180268,24.4676895460634],[67.2755096212902,24.4670995276268],[67.279200583197,24.4676696561009],[67.2841004511007,24.4682795650056],[67.2897596694057,24.4686995490889],[67.294199597189,24.4688396606662],[67.2986294907907,24.4694395372985],[67.301559520363,24.4702006469749],[67.303230476623,24.4716096870781],[67.3038894968851,24.473660495651],[67.302999538628,24.4774595350013],[67.3023494970272,24.4814995446547],[67.302730580337,24.4848896899597],[67.3039595520025,24.4895195431034],[67.3125396451488,24.4863295333115],[67.3104194854327,24.4835695399567],[67.3095196708603,24.4812796956397],[67.3091496772527,24.4781106332984],[67.3092896123161,24.4744995827538],[67.3108804810735,24.4716295772357],[67.3136906403527,24.4692295450309],[67.3164096197321,24.4688695836359],[67.3193695721866,24.4691906453619],[67.3217894943231,24.4701696679488],[67.3229496415631,24.4720106611574],[67.3222404575789,24.4778395621336],[67.3221695221125,24.4811195179467],[67.3263895998064,24.4791206352874],[67.3268106401801,24.4743895700115],[67.3277196067886,24.4701295347723],[67.327319514229,24.4676406126293],[67.3261595421605,24.4658094769373],[67.3239795348835,24.4645995161449],[67.3215504598125,24.4636204927668],[67.31837963593,24.4626104898863],[67.3161494631342,24.4627796462971],[67.3134195692241,24.463350653701],[67.3107394886931,24.4623895849678],[67.3090704683025,24.4609595988796],[67.311159649616,24.4578796022582],[67.3139196415798,24.4566196512169],[67.3168894512479,24.4562595139493],[67.3198506343942,24.4565795178107],[67.3261595421605,24.4592595982692],[67.3293396950472,24.4600395428608],[67.3322996466034,24.4599094643927],[67.3345396766127,24.4595306693718],[67.3377495772101,24.4594106226886],[67.3409295540271,24.4536496661199],[67.3367195078199,24.4539594606949],[67.3320496975621,24.45358048996],[67.3281404710924,24.452549541115],[67.3232395467699,24.4515006383745],[67.3188504878861,24.4504496228217],[67.3148794788845,24.4507796597175],[67.3101695363914,24.4515296806614],[67.3044995814221,24.4511195553566],[67.300639463154,24.4491997050177],[67.2975094748877,24.4470696866364],[67.2958594646452,24.444979449614],[67.2957195286835,24.4420596309662],[67.2970395032805,24.4398394913722],[67.2983906323499,24.4369495946358],[67.2994796680537,24.434049666854],[67.3010295242268,24.4325107239535],[67.3035295347642,24.4314797753505],[67.3064706540387,24.4317897462773],[67.3108804810735,24.4328298483822],[67.3162196952198,24.4350297460215],[67.3213295542027,24.4367897686649],[67.3315795489868,24.4398196011018],[67.334239562951,24.4414694360605],[67.3371706471454,24.4420194986474],[67.3401395755662,24.4418906520068],[67.342839545696,24.442420472057],[67.3440595413951,24.4361407843565],[67.3382095173305,24.4343807600156],[67.3333406287277,24.4326598126339],[67.324050647318,24.4303198028223],[67.318889564601,24.4297097183534],[67.3139895224241,24.4288706306486],[67.309339601765,24.4278197920274],[67.3064194312029,24.4268397132681],[67.3045696374378,24.4238396277994],[67.3075994689399,24.4216796868871],[67.3115495328224,24.4218097663638],[67.3154395739725,24.4230596841425],[67.3193195818393,24.4249897426483],[67.3232096238878,24.4264596860549],[67.3271695449839,24.4261396809764],[67.3301696296736,24.425119821984],[67.3331896039621,24.4233995776275],[67.3355597118212,24.4219007678518],[67.3341395831548,24.4180205840298],[67.331629539334,24.4190696630463],[67.3278996758839,24.4198497843233],[67.3246996333984,24.4197496276434],[67.3205195100733,24.4193896680612],[67.3176195803512,24.4177097326763],[67.3152206042322,24.416060777897],[67.3120295386113,24.4157296840963],[67.3082894667062,24.4165096288876],[67.3084195463527,24.4131296926218],[67.3092494800807,24.4109107861945],[67.3083996558556,24.4072696370194],[67.3065994993999,24.4027107201783],[67.3047695970302,24.3988196222207],[67.3036694707259,24.3956195786666],[67.3035295347642,24.3926897271471],[67.3058494780029,24.3900497792344],[67.3083295998399,24.3896797846691],[67.3115204902893,24.3900096467376],[67.3159296139432,24.3908395808741],[67.3212795656521,24.3928097718873],[67.3244595406724,24.3935796840784],[67.325070507355,24.38411966681],[67.322589505169,24.3845007501027],[67.318599485121,24.3854996630188],[67.3158695912108,24.3858696567315],[67.3122004547722,24.3850707029868],[67.309299470428,24.3836296269009],[67.3076904709731,24.3808706897073],[67.3078506486731,24.3763696840468],[67.3097095962709,24.3730497712498],[67.3117296010194,24.3717496882942],[67.3133095561445,24.3690905537886],[67.3141796230062,24.3657407177031],[67.3174104696211,24.3647296588219],[67.3193605953219,24.3656806951786],[67.3222295439465,24.3680397152522],[67.3251095822732,24.3699296410238],[67.3280295776638,24.3709197532015],[67.3317006508702,24.3717195876338],[67.3335794889651,24.3740307297957],[67.3393796978539,24.3716097519931],[67.336280513717,24.3680205288538],[67.3356795821144,24.3644096552772],[67.3365195491258,24.3619495998748],[67.3387696133169,24.3608896078753],[67.3422495268274,24.3603296876645],[67.3497296724342,24.3578696331377],[67.3563797064464,24.3582906729629],[67.3582696333451,24.3599996507828],[67.3679996652765,24.3573795929893],[67.3668696160901,24.3543395530115],[67.3662396410561,24.3516196919521],[67.3677997056841,24.3496405237163],[67.3702997171198,24.3483694831222],[67.3746296318236,24.3448797121236],[67.3784395845729,24.3416296789434],[67.3830094150345,24.3381696540679],[67.3863094373162,24.3357896877288],[67.389589393031,24.3338795204034],[67.3940995528999,24.331759534691],[67.3930994081884,24.3254106707396],[67.3910894349267,24.3264794637302],[67.3878295457787,24.3279397258443],[67.3840495168098,24.3303094827583],[67.37172952693,24.33644958729],[67.3637295963369,24.3395795739429],[67.3564997519111,24.3418394947457],[67.3510195462827,24.3432495906581],[67.3475595223708,24.3435796278342],[67.3436397326117,24.3427806729798],[67.3409895758611,24.3413395980288],[67.338849525648,24.3392495369832],[67.337230493808,24.3364895436153],[67.3373697263888,24.3326695581422],[67.3391996287586,24.3300195780996],[67.3420606578356,24.3262696478644],[67.3467295877444,24.3198795961378],[67.3519095027431,24.313059526227],[67.3561297583035,24.3059694423193],[67.3585296138732,24.3010898156489],[67.3603996502749,24.2970897619747],[67.3615395548782,24.2930698178822],[67.3591595889072,24.29073984183],[67.3564397291787,24.2911096596438],[67.3531995526613,24.2921296960663],[67.3501096993252,24.2956307329993],[67.3472495496989,24.2995998068891],[67.3443795446555,24.3037896101644],[67.3412696238543,24.3077595651759],[67.3391295727428,24.3121996679627],[67.3377194773599,24.3168995776772],[67.3373097027582,24.3211604927369],[67.336170502434,24.3254106707396],[67.333789656114,24.329619483927],[67.3307096581949,24.3326795923365],[67.3274194931268,24.3352795833627],[67.3247195229971,24.3347395532876],[67.3225604617376,24.3330897183753],[67.3191704929431,24.3316396661132],[67.3160206168747,24.3301806359614],[67.3141294583858,24.3283195769821],[67.3154395730742,24.3261006687481],[67.3176695706985,24.3259396106125],[67.3201396592521,24.3253506479222],[67.3214596329508,24.3231394846672],[67.3215395461801,24.3211096230317],[67.3199104810568,24.3187995366883],[67.3177595172112,24.3169295006329],[67.3143496579198,24.3156894402147],[67.3099294445637,24.3153296559298],[67.3054995509621,24.3151795103585],[67.3011196459111,24.3136895009042],[67.2985006454294,24.3113494918234],[67.2961504262707,24.3083506398917],[67.2950094652486,24.3058295061918],[67.2946394707427,24.3028806426755],[67.2961895020873,24.300900771316],[67.298359653049,24.302329525122],[67.2994796680537,24.3050794849855],[67.3011594260068,24.3062396323164],[67.3033895988025,24.3058794962045],[67.3047294629983,24.3032006477475],[67.3040795965689,24.3007198222333],[67.3029606388813,24.2979598291899],[67.3032806421417,24.2959498573625],[67.3033795664174,24.2934597026862],[67.3017094887098,24.2918396148774],[67.2998394532064,24.2893096802291],[67.2992094781724,24.2863407509897],[67.3012794705732,24.2839396629037],[67.3038995292702,24.279719759917],[67.3053395484336,24.2739206057958],[67.3075795793412,24.2672297350864],[67.3104596167697,24.2625896734067],[67.3140704911739,24.2584195843386],[67.3184296253789,24.2540405592043],[67.321269530572,24.2502996066162],[67.3236496726128,24.2460897366589],[67.3261806651461,24.2443797030619],[67.3300296928136,24.2467396029944],[67.3301196393264,24.2508097126894],[67.3305095243294,24.2537495982243],[67.331669670671,24.2555905907137],[67.3338496770497,24.2565497243],[67.3364996586288,24.2580096329968],[67.3393895550675,24.2599095930533],[67.3412796571377,24.262000709891],[67.343359509447,24.2654295794033],[67.3442697076457,24.2677095659784],[67.3491097288869,24.2660796212517],[67.3494295578742,24.2683096184035],[67.3574206876724,24.2755197483013],[67.364359571371,24.2763697476468],[67.3752796734244,24.2799197192218],[67.3837094460843,24.2812296593001],[67.389159376691,24.2811907590747],[67.4015694882551,24.2842797328226],[67.4105296091907,24.2901197236198],[67.4220404343918,24.302289567854],[67.4245994130394,24.3118006309124],[67.4375794769052,24.3230395059505],[67.4529296504266,24.3229296698211],[67.4796095254318,24.3150094751613],[67.4955106402086,24.3203295031801],[67.5030696417276,24.3338795204034],[67.5046705428701,24.344759666083],[67.5014097742715,24.3661195127747],[67.4955706629409,24.3770507049441],[67.4916594997035,24.3825296776311],[67.484309609813,24.3902997281601],[67.4783897058024,24.3939796006038],[67.4760296312268,24.4057898368173],[67.476569659748,24.4107796508841],[67.4807096499394,24.427540624192],[67.4738797229017,24.439390639969],[67.4744905117178,24.4516395179332],[67.4755505039902,24.4584395209408],[67.4811496986645,24.4733795676663],[67.4862805045632,24.4910405307193],[67.488419676224,24.5064507266699],[67.4884897322397,24.5132597080407],[67.4906595301635,24.5327697609239],[67.4897195842542,24.5382107143661],[67.4888195927138,24.5463996905996],[67.4873896068338,24.5532097267796],[67.486039710253,24.5672995978196],[67.4875895664261,24.5736396612637],[67.4873096936044,24.5958896411221],[67.4863695716253,24.6013395709804],[67.4874996199134,24.6140505006875],[67.4861896785997,24.6335797399908],[67.4725696064166,24.6631896426514]]],[[[67.3033795664174,24.4095996126518],[67.3023095408617,24.4118197527719],[67.3000695108524,24.4121805936639],[67.2986895144213,24.4096707246477],[67.3002194800975,24.4081497370572],[67.3033795664174,24.4095996126518]]],[[[67.2609795242831,24.5112997251146],[67.2615394441997,24.5158297752108],[67.2594794823874,24.5180106626621],[67.2565295641147,24.5176795687465],[67.2556204214365,24.5158396322002],[67.2552294800147,24.5131296290107],[67.256069623096,24.5104497248416],[67.25883947407,24.5089595401689],[67.2609795242831,24.5112997251146]]],[[[67.2547894303913,24.5243896260851],[67.2549594662033,24.5264205448531],[67.253389542565,24.5286396279144],[67.250119444962,24.530329772398],[67.2478794140544,24.530709623378],[67.2462195456999,24.5288496198661],[67.2470794041068,24.5259396581942],[67.2484095871587,24.5234996693351],[67.2531394183522,24.5222997407332],[67.2547894303913,24.5243896260851]]]]}}]}